Season,Name,Tm,PA,BB%,K%,BB/K,AVG,OBP,SLG,OPS,ISO,BABIP,wRC,wRAA,wOBA,wRC+,playerId
2019,"Todd Frazier","NYM",499,0.08016032,0.212424849,0.37735849,0.250559284,0.328657314,0.44295302,0.771610334,0.192393736,0.284375,66.30572368713578,3.4816235205765667,0.3279715888950241,106.16869599804168,785
2019,"Albert Pujols","LAA",545,0.078899082,0.124770642,0.632352941,0.244399185,0.304587155,0.429735234,0.734322389,0.185336049,0.237745098,63.178075518462784,-5.43742466345059,0.30835818871855736,92.97746365541765,1177
2019,"Wilson Ramos","NYM",524,0.083969465,0.131679389,0.637681159,0.287526427,0.351145038,0.416490486,0.767635524,0.128964059,0.310432569,69.12251540100081,3.150915226096938,0.32685637933440753,105.43872308687892,1433
2019,"Miguel Cabrera","DET",549,0.087431693,0.196721311,0.444444444,0.281947261,0.346083788,0.397565922,0.74364971,0.115618661,0.335978835,68.41232396568086,-0.7067762175676653,0.3184106894589345,96.30145108134252,1744
2019,"David Peralta","ARI",423,0.082742316,0.205673758,0.40229885,0.274869109,0.342789598,0.460732984,0.803522582,0.185863875,0.327464788,59.8013167190837,6.54561657789222,0.3378014326095581,106.64140199333102,2136
2019,"Edwin Encarnacion","2 Tms",486,0.119341563,0.211934156,0.563106796,0.244019138,0.343621399,0.531100478,0.874721877,0.28708134,0.239436619,78.9837976215342,17.796397459314203,0.3622807510120353,129.43405426442405,2151
2019,"Carlos Santana","CLE",686,0.157434402,0.157434402,1,0.280977312,0.396501457,0.514834205,0.911335662,0.233856893,0.29330254,121.79662624801543,35.429226019038225,0.37964685362948863,134.67116029917355,2396
2019,"Nelson Cruz","MIN",521,0.107485604,0.251439539,0.427480916,0.310572687,0.392307692,0.638766519,1.031074211,0.328193832,0.350877192,109.47359431576366,43.87969414186115,0.41733238683082163,163.33602469841395,2434
2019,"Yonder Alonso","2 Tms",335,0.11641791,0.208955223,0.557142857,0.198630136,0.295522388,0.34589041,0.641412798,0.147260274,0.224299065,29.75165840716634,-12.424841704651973,0.27692022560590723,66.52150543799478,2530
2019,"Roberto Perez","CLE",449,0.100222717,0.282850779,0.354330708,0.23907455,0.321266968,0.452442159,0.773709127,0.213367609,0.285123966,58.7371793144505,2.208079164580586,0.3255891345796131,98.1431786572211,2900
2019,"Tommy Pham","TBR",654,0.123853211,0.188073394,0.658536585,0.273368606,0.368501529,0.449735449,0.818236978,0.176366843,0.316037735,98.72758232033239,16.38898210203634,0.3488902372580308,121.49182741727162,2967
2019,"Mitch Moreland","BOS",335,0.101492537,0.220895522,0.459459459,0.251677852,0.328358208,0.506711409,0.835069617,0.255033557,0.2705314,50.06991769070287,7.893417578884558,0.34715824020442676,112.3630848555712,3086
2019,"Robinson Chirinos","HOU",437,0.116704805,0.286041189,0.408,0.237704918,0.347126436,0.44262295,0.789749386,0.204918032,0.305676855,61.256879993537176,6.238579847672687,0.33641512657640166,112.88593504655331,3142
2019,"Shin-Soo Choo","TEX",660,0.118181818,0.25,0.472727272,0.264653641,0.371212121,0.454706927,0.825919048,0.190053286,0.333333333,102.08648602565096,18.9924858053522,0.3531901230369347,111.90324388018945,3174
2019,"Welington Castillo","CHW",251,0.063745019,0.294820717,0.216216216,0.208695652,0.26693227,0.417391304,0.684323574,0.208695652,0.246575342,24.38524370938401,-7.215656374396277,0.286643274276855,78.03990822589277,3256
2019,"Robinson Cano","NYM",423,0.059101654,0.163120567,0.36231884,0.256410256,0.307328605,0.428205128,0.735533733,0.171794872,0.279742765,48.913389105765475,-4.342311035426009,0.3080243391650064,93.1120002259382,3269
2019,"Martin Prado","MIA",260,0.046153846,0.157692307,0.292682926,0.232653061,0.265384615,0.293877551,0.559262166,0.06122449,0.268292682,15.394426678103535,-17.339573408680828,0.24274883774610667,49.320880535742276,3312
2019,"Matt Joyce","ATL",238,0.159663865,0.18907563,0.844444444,0.295,0.407563025,0.45,0.857563025,0.155,0.351351351,40.650229002493255,10.686028923052188,0.371841786789293,128.3404713977028,3353
2019,"Ryan Braun","MIL",508,0.066929133,0.206692913,0.323809523,0.28540305,0.343253968,0.505446623,0.848700591,0.220043573,0.325373134,78.93684972532458,14.979649555761295,0.3540126504765353,116.74119564125974,3410
2019,"Jeff Mathis","TEX",244,0.061475409,0.356557377,0.172413793,0.157894736,0.209016393,0.22368421,0.432700603,0.065789474,0.242857142,3.3765316502350076,-27.343068431208778,0.19026124575501116,1.8086423523855362,3448
2019,"Anthony Rizzo","CHC",613,0.115823817,0.140293637,0.825581395,0.29296875,0.404567699,0.51953125,0.924098949,0.2265625,0.305970149,114.17536276650179,36.99866256189096,0.3897237283284547,141.4176986902721,3473
2019,"Eric Hosmer","SDP",667,0.059970014,0.244377811,0.245398773,0.264943457,0.310344827,0.424878836,0.735223663,0.159935379,0.323462414,77.74325307237055,-6.232047150264719,0.30909108505191574,91.11899276996567,3516
2019,"Eric Thames","MIL",459,0.111111111,0.305010893,0.364285714,0.247474747,0.346405228,0.505050505,0.851455733,0.257575758,0.313304721,71.17585565487272,13.387755501664943,0.3536421390680166,116.4986732481179,3711
2019,"Josh Reddick","HOU",550,0.065454545,0.12,0.545454545,0.275449101,0.318681318,0.409181636,0.727862954,0.133732535,0.288372093,63.46337264186939,-5.781627541712913,0.3077391298539048,93.50893763980709,3892
2019,"Melky Cabrera","PIT",397,0.042821158,0.103274559,0.414634146,0.28042328,0.313131313,0.399470899,0.712602212,0.119047619,0.3,43.54274055833038,-6.439559574182666,0.3011352421369868,84.81269397624837,4022
2019,"Dexter Fowler","STL",574,0.12891986,0.247386759,0.52112676,0.238193018,0.345549738,0.408624229,0.754173967,0.170431211,0.293939393,75.17665763662382,2.9100574450306578,0.32576499389601754,102.5554440965668,4062
2019,"Michael Brantley","HOU",637,0.080062794,0.103610675,0.772727272,0.311304347,0.372056514,0.502608695,0.874665209,0.191304348,0.3197556,106.03790630203285,25.839606089411166,0.36682712618108804,133.4359875234272,4106
2019,"Ryan Zimmerman","WSN",190,0.089473684,0.205263157,0.435897435,0.257309941,0.321052631,0.415204678,0.736257309,0.157894737,0.296875,22.849083133211614,-1.071916930207729,0.3133734364258616,89.05543562043437,4220
2019,"Howie Kendrick","WSN",370,0.072972972,0.132432432,0.551020408,0.344311377,0.394594594,0.571856287,0.966450881,0.22754491,0.358974358,72.25383404428918,25.670833920788347,0.4001630635119389,145.86455830023638,4229
2019,"Joey Votto","CIN",608,0.125,0.202302631,0.617886178,0.26095238,0.356907894,0.411428571,0.768336465,0.150476191,0.312820512,82.66157426308384,6.114374060141946,0.3315339206468941,100.75701386806234,4314
2019,"Daniel Murphy","COL",478,0.066945606,0.154811715,0.432432432,0.278538812,0.327731092,0.452054794,0.779785886,0.173515982,0.307042253,63.3926127358047,3.2124125762549856,0.3276746564162405,86.31749134070144,4316
2019,"Starlin Castro","MIA",676,0.041420118,0.164201183,0.252252252,0.270440251,0.300295857,0.435534591,0.735830448,0.16509434,0.29296875,77.3059200327779,-7.802480192861441,0.3065474802733175,91.08099671343427,4579
2019,"Russell Martin","LAD",249,0.120481927,0.240963855,0.5,0.220095693,0.337349397,0.33014354,0.667492937,0.110047847,0.275862068,25.970990247028556,-5.3781098360841595,0.294913371404012,83.26475994861723,4616
2019,"Curtis Granderson","MIA",363,0.112947658,0.269972451,0.418367346,0.182965299,0.280991735,0.356466876,0.637458611,0.173501577,0.220095693,31.660870861307675,-14.040829259856649,0.2751530415445402,70.53141514376368,4747
2019,"Brian McCann","ATL",316,0.098101265,0.167721518,0.58490566,0.249097472,0.32278481,0.411552346,0.734337156,0.162454874,0.261467889,37.48171029387767,-2.3026898115987104,0.3114700404424516,88.8234685050635,4810
2019,"Jarrod Dyson","ARI",452,0.1039823,0.190265486,0.546511627,0.23,0.31263858,0.32,0.63263858,0.09,0.275080906,41.51862947195524,-15.388170678916039,0.28051544530957345,69.14421725337645,4866
2019,"Mike Moustakas","MIL",584,0.090753424,0.167808219,0.540816326,0.254302103,0.328767123,0.51625239,0.845019513,0.261950287,0.25,87.8279780886301,14.302377893699072,0.3482317199772916,112.95722282145223,4892
2019,"Ender Inciarte","ATL",230,0.113043478,0.178260869,0.634146341,0.246231155,0.34347826,0.396984924,0.740463184,0.150753769,0.285714285,28.611483188186554,-0.3455168885842313,0.31816212963639645,93.20385045584595,4922
2019,"Jason Heyward","CHC",589,0.115449915,0.186757215,0.618181818,0.251461988,0.342954159,0.428849902,0.771804061,0.177387914,0.28051948,78.06964720812073,3.9145470115207703,0.3275885422752328,100.74641658268881,4940
2019,"Asdrubal Cabrera","2 Tms",514,0.110894941,0.200389105,0.553398058,0.259507829,0.342412451,0.440715883,0.783128334,0.181208054,0.294294294,69.78473511347977,5.072134941913758,0.3312368032056838,97.76400187235338,4962
2019,"Stephen Vogt","SFG",280,0.071428571,0.235714285,0.303030303,0.262745098,0.314285714,0.490196078,0.804481792,0.22745098,0.311475409,38.02286835059893,2.7708682571388477,0.33134815556174113,107.00044359997342,5000
2019,"Josh Donaldson","ATL",659,0.151745068,0.235204855,0.64516129,0.258652094,0.37936267,0.520947176,0.900309846,0.262295082,0.292479108,115.70199108001937,32.73389086005438,0.37736318681156616,131.9545656363897,5038
2019,"Alex Gordon","KCR",633,0.08056872,0.157977883,0.51,0.26618705,0.344936708,0.395683453,0.740620161,0.129496403,0.300668151,79.03373401097818,-0.6609662003083675,0.3186920448473305,95.70048100575984,5209
2019,"Justin Upton","LAA",256,0.125,0.3046875,0.41025641,0.214611872,0.30859375,0.415525114,0.724118864,0.200913242,0.261194029,29.36256487306552,-2.8678352123836994,0.3069404037669301,92.01943539237728,5222
2019,"Cameron Maybin","NYY",269,0.111524163,0.267657992,0.416666666,0.284518828,0.364312267,0.493723849,0.858036116,0.209205021,0.365384615,43.77194556146768,9.904845471679248,0.36249640351334467,127.48386962801497,5223
2019,"Justin Turner","LAD",549,0.092896174,0.160291438,0.579545454,0.290187891,0.371584699,0.509394572,0.880979271,0.219206681,0.303523035,92.82292654768065,23.70382636443214,0.36984863355211967,132.31447525840764,5235
2019,"Robbie Grossman","OAK",482,0.122406639,0.178423236,0.686046511,0.24047619,0.334024896,0.347619047,0.681643943,0.107142857,0.287878787,52.03031976794505,-8.653480392939805,0.29913073653976124,87.7810460254025,5254
2019,"Sandy Leon","BOS",191,0.068062827,0.246073298,0.276595744,0.191860465,0.251336898,0.296511627,0.547848525,0.104651162,0.231404958,10.767744247881897,-13.279155815871231,0.23947065845530302,39.59623345422076,5273
2019,"Aaron Hicks","NYY",255,0.121568627,0.282352941,0.430555555,0.235294117,0.325490196,0.443438914,0.76892911,0.208144797,0.285714285,33.27500911867454,1.1705090335591077,0.3252102202060176,102.28878105811252,5297
2019,"Brandon Crawford","SFG",560,0.094642857,0.208928571,0.452991452,0.228,0.303571428,0.35,0.653571428,0.122,0.27393617,51.57746961775809,-18.926530569162075,0.280801476014627,73.91454824751733,5343
2019,"Freddie Freeman","ATL",692,0.125722543,0.183526011,0.68503937,0.29480737,0.388728323,0.549413735,0.938142058,0.254606365,0.31797235,127.31144946762875,40.18864923664882,0.38708538350904914,138.31833839873488,5361
2019,"Juan Lagares","NYM",285,0.077192982,0.263157894,0.293333333,0.213178294,0.279151943,0.325581395,0.604733338,0.112403101,0.279329608,20.52952615873337,-15.351973936395646,0.2575844017835501,60.09597415380461,5384
2019,"Pablo Sandoval","SFG",296,0.06081081,0.226351351,0.268656716,0.268382352,0.31292517,0.507352941,0.820278111,0.238970589,0.304123711,41.46886557470595,4.20246547590529,0.33632442028555154,110.25771342211172,5409
2019,"Jose Altuve","HOU",548,0.074817518,0.149635036,0.5,0.298,0.352833638,0.55,0.902833638,0.252,0.302564102,94.59448437999123,25.60128419707649,0.37394539398946536,138.24595657867,5417
2019,"Ji-Man Choi","TBR",487,0.131416837,0.221765913,0.592592592,0.260975609,0.363449691,0.458536585,0.821986276,0.197560976,0.303448275,73.11700315403955,11.803702991485755,0.3479392796447597,120.84924458450739,5452
2019,"Austin Romine","NYY",240,0.041666666,0.208333333,0.2,0.280701754,0.30962343,0.438596491,0.748219921,0.157894737,0.32748538,29.196911880259005,-1.0190881998496393,0.3149877841502553,95.38125770818353,5491
2019,"Marwin Gonzalez","MIN",463,0.066954643,0.211663066,0.31632653,0.263529411,0.321814254,0.414117647,0.735931901,0.150588236,0.309904153,55.59977621486922,-2.6919239396737016,0.3131739692419056,92.95390661399398,5497
2019,"Hernan Perez","MIL",246,0.044715447,0.268292682,0.166666666,0.228448275,0.262295081,0.379310344,0.641605425,0.150862069,0.283018867,20.516885034918747,-10.45451504719261,0.2707361168548709,62.231607644416,5751
2019,"Avisail Garcia","TBR",530,0.058490566,0.235849056,0.248,0.282208588,0.332075471,0.464212678,0.796288149,0.18200409,0.340057636,73.27444769360018,6.547447516693595,0.3341913674816941,111.55948001556023,5760
2019,"Wilmer Flores","ARI",285,0.052631578,0.108771929,0.483870967,0.316981132,0.361403508,0.486792452,0.84819596,0.16981132,0.331858407,45.37572540290273,9.49422530777372,0.3584382676241691,120.14947353862213,5827
2019,"Leury Garcia","CHW",618,0.033980582,0.224919093,0.151079136,0.279029462,0.309719934,0.377816291,0.687536225,0.098786829,0.353348729,64.20684230826292,-13.599357898016839,0.2944429971437281,83.31035135040923,5913
2019,"Nick Markakis","ATL",469,0.100213219,0.125799573,0.796610169,0.285024154,0.356076759,0.420289855,0.776366614,0.135265701,0.30965909,63.99991179694248,4.952811640396837,0.33211677655195576,102.33802092293509,5930
2019,"Jean Segura","PHI",618,0.048543689,0.118122977,0.410958904,0.279513888,0.322528363,0.420138888,0.742667251,0.140625,0.301619433,75.23833255971982,-2.5678676465599337,0.31509314458091536,91.94640963531054,5933
2019,"Didi Gregorius","NYY",344,0.049418604,0.154069767,0.320754716,0.23765432,0.27616279,0.441358024,0.717520814,0.203703704,0.237354085,36.62953893616869,-6.680061178653696,0.29743536707263646,83.52070605983147,6012
2019,"Eduardo Escobar","ARI",699,0.071530758,0.185979971,0.384615384,0.268867924,0.320457796,0.511006289,0.831464085,0.242138365,0.282744282,100.81837019045591,12.814269957139482,0.34110773380460413,108.80557847976135,6153
2019,"J.D. Martinez","BOS",656,0.109756097,0.210365853,0.52173913,0.304347826,0.382621951,0.556521739,0.93914369,0.252173913,0.342364532,120.15550047728208,37.56510025831844,0.3861457770906239,138.70781520444137,6184
2019,"Ian Kinsler","SDP",281,0.067615658,0.192170818,0.351851851,0.217054263,0.277580071,0.368217054,0.645797125,0.151162791,0.239795918,24.89562069286418,-10.482279400929686,0.27674542966686533,69.9467816818194,6195
2019,"Adam Jones","ARI",528,0.058712121,0.191287878,0.306930693,0.259793814,0.313092979,0.414432989,0.727525968,0.154639175,0.296495956,61.128959953093606,-5.346240223145408,0.3081863628114973,87.25652629084256,6368
2019,"Jordy Mercer","DET",271,0.047970479,0.210332103,0.228070175,0.26953125,0.309963099,0.4375,0.747463099,0.16796875,0.315789473,32.84724196938578,-1.2716581210702302,0.3144715225255048,93.63966993411822,6547
2019,"Freddy Galvis","2 Tms",589,0.0475382,0.246179966,0.193103448,0.260323159,0.295918367,0.438061041,0.733979408,0.177737882,0.31202046,67.78998673496639,-6.3651134616335705,0.307386595508309,89.25148491278063,6609
2019,"Ian Desmond","COL",482,0.070539419,0.246887966,0.285714285,0.255079006,0.309771309,0.478555304,0.788326613,0.223476298,0.303921568,63.91892216949198,3.2351220086071217,0.3276646415392558,86.31093599077832,6885
2019,"Martin Maldonado","3 Tms",374,0.085561497,0.229946524,0.372093023,0.213213213,0.293010752,0.378378378,0.67138913,0.165165165,0.25,36.60239544836476,-10.484204676471208,0.28811323996181437,76.13350350756645,6887
2019,"Yadier Molina","STL",452,0.050884955,0.128318584,0.396551724,0.269689737,0.311946902,0.398568019,0.710514921,0.128878282,0.289325842,50.14072280633474,-6.766077344536532,0.3025828739710614,87.38132779936727,7007
2019,"Logan Forsythe","TEX",367,0.119891008,0.272479564,0.44,0.227129337,0.325136612,0.353312302,0.678448914,0.126182965,0.306603773,39.36479227746467,-6.840507845034792,0.2983374755239226,74.83811171064399,7185
2019,"Alex Avila","ARI",201,0.179104477,0.338308457,0.529411764,0.207317073,0.35323383,0.420731707,0.773965537,0.213414634,0.287356321,25.88783320091382,0.5819331338228334,0.32324930933332935,97.1161466810692,7476
2019,"Neil Walker","MIA",381,0.11023622,0.202099737,0.545454545,0.261127596,0.34383202,0.394658753,0.738490773,0.133531157,0.316205533,47.7928076954015,-0.17509243177097655,0.31936836336788377,99.47304937037504,7539
2019,"Travis d'Arnaud","3 Tms",391,0.081841432,0.217391304,0.376470588,0.25071225,0.31202046,0.433048433,0.745068893,0.182336183,0.28125,47.19070919281938,-2.0361909376909546,0.3138755312965959,98.06704066617215,7739
2019,"Miguel Rojas","MIA",526,0.060836501,0.117870722,0.516129032,0.283643892,0.331428571,0.378881987,0.710310558,0.095238095,0.313539192,59.4488455058317,-6.774554669739747,0.30500048000087704,90.0683903546629,7802
2019,"Charlie Blackmon","COL",634,0.063091482,0.164037854,0.384615384,0.313793103,0.364353312,0.575862068,0.94021538,0.262068965,0.334075723,116.69997757356029,36.87937736193996,0.3871932971345681,125.27608438718478,7859
2019,"Jonathan Lucroy","2 Tms",328,0.082317073,0.155487804,0.529411764,0.232081911,0.304878048,0.354948805,0.659826853,0.122866894,0.253164556,31.516466780483405,-9.778733328998406,0.28552502630682897,76.82353238721527,7870
2019,"Eric Sogard","2 Tms",442,0.08597285,0.142533936,0.603174603,0.29040404,0.35307517,0.457070707,0.810145877,0.166666667,0.315789473,64.10920826749869,8.461408119965272,0.34211538585427154,114.51150681026196,7927
2019,"Tim Beckham","SEA",328,0.06402439,0.310975609,0.205882352,0.236842105,0.292682926,0.460526315,0.753209241,0.22368421,0.304812834,39.856006014450394,-1.4391940950314202,0.31482399018799384,98.81683455676125,7949
2019,"Jose Martinez","STL",373,0.09383378,0.219839142,0.426829268,0.269461077,0.340482573,0.41017964,0.750662213,0.140718563,0.327868852,47.886356838951436,0.9256567144492575,0.3227709093937605,100.59563254404434,7996
2019,"Matt Carpenter","STL",492,0.12804878,0.262195121,0.488372093,0.225961538,0.334012219,0.391826923,0.725839142,0.165865385,0.285198555,59.781291941648945,-2.1615082225737714,0.31481760145447646,95.38970573455452,8090
2019,"Dee Gordon","SEA",421,0.042755344,0.144893111,0.295081967,0.27480916,0.303827751,0.358778625,0.662606376,0.083969465,0.313432835,39.30653238743552,-13.697367753088397,0.28226149225120634,76.81364337968498,8203
2019,"Hunter Pence","TEX",316,0.082278481,0.21835443,0.376811594,0.297202797,0.357594936,0.552447552,0.910042488,0.255244755,0.333333333,55.37207607001606,15.587675964539683,0.3769652571859239,127.96862138766375,8252
2019,"Kurt Suzuki","WSN",309,0.064724919,0.116504854,0.555555555,0.264285714,0.323624595,0.485714285,0.80933888,0.221428571,0.247826086,43.464027525193366,4.560927422053485,0.3369754548970755,104.50440121504786,8259
2019,"Daniel Descalso","CHC",194,0.118556701,0.293814432,0.403508771,0.172619047,0.270833333,0.25,0.520833333,0.077380953,0.245454545,10.632670729697187,-13.791929335057299,0.23765666596591473,41.88049947241239,8392
2019,"Ehire Adrianza","MIN",236,0.084745762,0.169491525,0.5,0.272277227,0.349137931,0.415841584,0.764979515,0.143564357,0.310559006,31.00786761007674,1.295467531303239,0.3262502729118644,101.78985065299706,8418
2019,"Gerardo Parra","2 Tms",301,0.063122923,0.196013289,0.322033898,0.233576642,0.293333333,0.390510948,0.683844281,0.156934306,0.264423076,29.467942622584218,-8.42795747788537,0.28768823684666694,74.11653256806,8553
2019,"Kendrys Morales","2 Tms",201,0.129353233,0.129353233,1,0.194117647,0.313432835,0.252941176,0.566374011,0.058823529,0.216783216,15.55116578243366,-9.754734284657326,0.2637568486863701,62.71592018473416,8610
2019,"Donovan Solano","SFG",228,0.043859649,0.21491228,0.204081632,0.330232558,0.359649122,0.455813953,0.815463075,0.125581395,0.408536585,33.78635062992588,5.081150553822663,0.34568129715166596,116.38236199629792,8623
2019,"Elvis Andrus","TEX",648,0.052469135,0.148148148,0.354166666,0.275,0.313271604,0.393333333,0.706604937,0.118333333,0.304780876,70.340788885229,-11.242411331064337,0.2998293341588016,75.84619317958222,8709
2019,"Jason Castro","MIN",275,0.12,0.32,0.375,0.23206751,0.332116788,0.434599156,0.766715944,0.202531646,0.306569343,36.48426945634014,1.8617693645489817,0.3277319691477031,102.79106516690817,8722
2019,"Gordon Beckham","DET",240,0.054166666,0.283333333,0.19117647,0.215246636,0.270833333,0.372197309,0.643030642,0.156950673,0.281879194,20.764574382201406,-9.451425697907235,0.2743421236673991,66.52335850708533,9015
2019,"Justin Smoak","TOR",500,0.158,0.212,0.745283018,0.207729468,0.342,0.405797101,0.747797101,0.198067633,0.222996515,64.39824462277234,1.4482444558793317,0.32325081230409186,100.94324013026056,9054
2019,"Lorenzo Cain","MIL",623,0.080256821,0.170144462,0.471698113,0.259786476,0.324758842,0.37188612,0.696644962,0.112099644,0.300668151,68.9086511776426,-9.527049030306099,0.30220919272523983,82.83266203605683,9077
2019,"Khris Davis","OAK",533,0.088180112,0.2739212,0.321917808,0.22037422,0.292682926,0.386694386,0.679377312,0.166320166,0.26433121,52.837869545137764,-14.266830632770178,0.2889345313018223,80.89124741208363,9112
2019,"Tyler Flowers","ATL",310,0.1,0.338709677,0.295238095,0.228782287,0.319354838,0.413284132,0.73263897,0.184501845,0.324840764,36.33637092414618,-2.692629179327481,0.3098517128233024,87.76417403245131,9134
2019,"Buster Posey","SFG",445,0.076404494,0.159550561,0.478873239,0.256790123,0.319819819,0.367901234,0.687721053,0.111111111,0.295731707,47.51533790002962,-8.510162248505154,0.297776432661655,85.02569628470056,9166
2019,"Paul Goldschmidt","STL",682,0.114369501,0.243401759,0.469879518,0.25963149,0.345588235,0.475711892,0.821300127,0.216080402,0.3025,101.09045221755862,15.22665198991656,0.3457284054573307,115.62271877639947,9218
2019,"Starling Marte","PIT",586,0.042662116,0.160409556,0.265957446,0.294990723,0.342465753,0.502782931,0.845248684,0.207792208,0.319248826,90.42861340404701,16.65121320844842,0.3527719745505122,118.61209564385446,9241
2019,"Keon Broxton","3 Tms",228,0.087719298,0.45614035,0.192307692,0.166666666,0.242290748,0.274509803,0.516800551,0.107843137,0.291666666,10.746704971821826,-17.958495104281383,0.22863299416025304,38.340741738817215,9253
2019,"A.J. Pollock","LAD",342,0.067251461,0.216374269,0.31081081,0.266233766,0.32748538,0.467532467,0.795017847,0.201298701,0.30044843,46.83537333277101,3.777573218616196,0.33267804569512865,107.98405056890114,9256
2019,"Chris Davis","BAL",352,0.110795454,0.394886363,0.280575539,0.179153094,0.275568181,0.325732899,0.60130108,0.146579805,0.270440251,26.888407892621757,-17.42839222487092,0.2626214438354188,57.96842769040905,9272
2019,"Josh Phegley","OAK",342,0.043859649,0.184210526,0.238095238,0.238853503,0.282352941,0.410828025,0.693180966,0.171974522,0.258196721,34.54593439253237,-8.51186572162245,0.2911077229415669,82.3597204759914,9308
2019,"Brock Holt","BOS",295,0.094915254,0.193220338,0.49122807,0.297297297,0.369491525,0.401544401,0.771035926,0.104247104,0.364532019,40.44656410281097,3.306064004344097,0.33286483190497573,102.70471663101549,9345
2019,"Evan Longoria","SFG",508,0.084645669,0.22047244,0.383928571,0.253863134,0.324803149,0.437086092,0.761889241,0.183222958,0.291411042,64.95692148241157,0.9997213128482731,0.3221766372639282,100.9971235531693,9368
2019,"Matt Adams","WSN",333,0.06006006,0.345345345,0.173913043,0.225806451,0.276276276,0.464516129,0.740792405,0.238709678,0.284090909,38.003395415369106,-3.921304695781633,0.30627728693456535,84.41057147548945,9393
2019,"Yan Gomes","WSN",358,0.106145251,0.234636871,0.452380952,0.222929936,0.315642458,0.388535031,0.704177489,0.165605095,0.264840182,38.34275853216739,-6.729441587328,0.2981543032960458,79.09358153625385,9627
2019,"Christian Vazquez","BOS",521,0.063339731,0.193857965,0.326732673,0.275933609,0.32046332,0.477178423,0.797641743,0.201244814,0.304709141,70.76182792346776,5.167927749565254,0.33137509753403155,101.69807057362212,9774
2019,"Jason Kipnis","CLE",511,0.078277886,0.17221135,0.454545454,0.244541484,0.304347826,0.410480349,0.714828175,0.165938865,0.264623955,56.15515221365911,-8.179747956905544,0.301381904217932,81.78582429977645,9776
2019,"Nolan Arenado","COL",662,0.093655589,0.140483383,0.666666666,0.31462585,0.379154078,0.583333333,0.962487411,0.268707483,0.311688311,124.35167011018169,41.00586988921535,0.3915581386393299,128.13314029175703,9777
2019,"Kyle Seager","SEA",443,0.099322799,0.194130925,0.511627906,0.23918575,0.32054176,0.468193384,0.788735144,0.229007634,0.248251748,60.21622982779491,4.4425296799277065,0.331501236618507,110.086014280938,9785
2019,"Brian Dozier","WSN",482,0.126556016,0.217842323,0.58095238,0.237980769,0.340248962,0.430288461,0.770537423,0.192307692,0.270547945,64.57550965233047,3.8917094914456154,0.32924052104353907,99.44141360974457,9810
2019,"Andrew McCutchen","PHI",262,0.164122137,0.209923664,0.781818181,0.255707762,0.377862595,0.456621004,0.834483599,0.200913242,0.298701298,41.708177480317204,8.72237739286527,0.3584133322912318,120.30212380039886,9847
2019,"DJ LeMahieu","NYY",655,0.070229007,0.13740458,0.511111111,0.327242524,0.374617737,0.518272425,0.892890162,0.191029901,0.348979591,113.5274900407945,31.06298982216465,0.3747629869603965,135.77266802422514,9874
2019,"Jay Bruce","2 Tms",333,0.057057057,0.246246246,0.231707317,0.216129032,0.261261261,0.522580645,0.783841906,0.306451613,0.2,41.31097899890955,-0.6137211122411923,0.3177679222267311,97.78587196469897,9892
2019,"Brett Gardner","NYY",549,0.094717668,0.196721311,0.481481481,0.250509164,0.325454545,0.503054989,0.828509534,0.252545825,0.265363128,80.6696101607123,11.550509977463774,0.34423920392990115,115.14708104464573,9927
2019,"Chris Owings","2 Tms",196,0.071428571,0.397959183,0.179487179,0.138888888,0.209183673,0.233333333,0.442517006,0.094444445,0.222222222,4.011659026075866,-20.664741039346193,0.19793047831982982,13.429844655621638,10030
2019,"Wil Myers","SDP",490,0.104081632,0.342857142,0.303571428,0.239080459,0.321063394,0.418390804,0.739454198,0.179310345,0.344,60.13641020559735,-1.5545899579577922,0.31622974272885934,95.79168112402886,10047
2019,"Jonathan Villar","BAL",714,0.085434173,0.246498599,0.346590909,0.274143302,0.338959212,0.453271028,0.79223024,0.179127726,0.340807174,99.45479624672554,9.562196008402314,0.3353930544081955,107.14179463556543,10071
2019,"Mike Trout","LAA",600,0.183333333,0.2,0.916666666,0.291489361,0.438333333,0.644680851,1.083014184,0.35319149,0.297734627,135.97874182823406,60.438741627962465,0.4364310425703029,179.51908872866034,10155
2019,"Billy Hamilton","2 Tms",352,0.09090909,0.24715909,0.367816091,0.21835443,0.288571428,0.275316455,0.563887883,0.056962025,0.298701298,23.36869579804118,-20.948104319451495,0.2509453402549285,49.738164323660264,10199
2019,"Tucker Barnhart","CIN",364,0.12087912,0.228021978,0.530120481,0.231012658,0.327823691,0.379746835,0.707570526,0.148734177,0.278026905,39.82149774966384,-6.006102371834264,0.3008116383231088,80.64739980318745,10200
2019,"Jose Iglesias","CIN",530,0.037735849,0.132075471,0.285714285,0.287698412,0.31758034,0.406746031,0.724326371,0.119047619,0.315294117,60.41609524321105,-6.3109049336955305,0.30612495507577525,84.12529080667693,10231
2019,"Randal Grichuk","TOR",628,0.055732484,0.25955414,0.214723926,0.232081911,0.280254777,0.457337883,0.73759266,0.225255972,0.266497461,71.85214227798474,-7.213057931632875,0.30661269130220836,89.70049831289595,10243
2019,"Brandon Belt","SFG",616,0.134740259,0.206168831,0.653543307,0.233840304,0.339285714,0.403041825,0.742327539,0.169201521,0.274611398,77.13531215584152,-0.4190880497706717,0.3191129566211296,98.99175706719669,10264
2019,"Danny Santana","TEX",511,0.048923679,0.295499021,0.165562913,0.282700421,0.323529411,0.533755274,0.857284685,0.251054853,0.353333333,78.3405162399596,14.005616069394947,0.35160726965881706,110.83367527548313,10322
2019,"Marcell Ozuna","STL",549,0.112932604,0.207650273,0.543859649,0.243298969,0.329690346,0.474226804,0.80391715,0.230927835,0.259475218,77.3049086165264,8.185808433277884,0.3371491155415174,110.0070484515386,10324
2019,"Domingo Santana","SEA",507,0.098619329,0.3234714,0.304878048,0.252771618,0.328712871,0.441241685,0.769954556,0.188470067,0.347014925,66.64685653652049,2.8155563672909834,0.3263244229176688,106.58792817683216,10348
2019,"Adeiny Hechavarria","2 Tms",221,0.063348416,0.21719457,0.291666666,0.24137931,0.298642533,0.443349753,0.741992286,0.201970443,0.272108843,26.257758969295224,-1.5661411044714875,0.31170185227199915,93.44641198759653,10459
2019,"Enrique Hernandez","LAD",460,0.078260869,0.210869565,0.37113402,0.236714975,0.304347826,0.410628019,0.714975845,0.173913044,0.266447368,50.57461814208659,-7.3393820114549735,0.3014422412513382,87.53830484758723,10472
2019,"Cheslor Cuthbert","KCR",330,0.057575757,0.203030303,0.283582089,0.245954692,0.293939393,0.378640776,0.672580169,0.132686084,0.287553648,32.17873849991684,-9.368261610232544,0.2870585414776324,74.32503175136453,10473
2019,"Derek Dietrich","CIN",306,0.091503267,0.241830065,0.378378378,0.187250996,0.327868852,0.462151394,0.790020246,0.274900398,0.176100628,42.2739639368637,3.748563834725182,0.334071672788941,102.41812796209446,10542
2019,"Cesar Hernandez","PHI",667,0.067466266,0.149925037,0.45,0.279411764,0.332833583,0.408496732,0.741330315,0.129084968,0.312749003,81.31685986780865,-2.6584403548266184,0.31528918218109225,92.07472824263971,10556
2019,"Gio Urshela","NYY",476,0.052521008,0.182773109,0.287356321,0.314479638,0.355042016,0.533936651,0.888978667,0.219457013,0.349112426,80.15917983551506,20.230779676632924,0.3690680707128424,131.9244887114579,10681
2019,"Corey Dickerson","2 Tms",279,0.05734767,0.200716845,0.285714285,0.303846153,0.340501792,0.565384615,0.905886407,0.261538462,0.343589743,46.44956242564218,11.323462332515879,0.36675715706565165,126.84487524555018,10762
2019,"Jurickson Profar","OAK",518,0.092664092,0.144787644,0.64,0.217864923,0.301158301,0.409586056,0.710744357,0.191721133,0.217983651,56.926162676168175,-8.290037496732978,0.3013858388560687,89.30486792278595,10815
2019,"Andrelton Simmons","LAA",424,0.056603773,0.08726415,0.648648648,0.263819095,0.308962264,0.364321608,0.673283872,0.100502513,0.276836158,42.455698550131125,-10.92590159139414,0.2900895325568269,80.6329336118333,10847
2019,"Greg Garcia","SDP",372,0.142473118,0.223118279,0.638554216,0.247588424,0.363881401,0.353697749,0.71757915,0.106109325,0.323008849,46.415562003276136,-0.41923812089226087,0.3185962532017682,97.34070706517251,10951
2019,"Kevin Kiermaier","TBR",480,0.054166666,0.216666666,0.25,0.228187919,0.277661795,0.39821029,0.675872085,0.170022371,0.266666666,45.47667935723054,-14.955320802986748,0.28385609225906916,77.54683498371439,11038
2019,"Kole Calhoun","LAA",632,0.110759493,0.256329113,0.432098765,0.231884057,0.324881141,0.467391304,0.792272445,0.235507247,0.264623955,85.03829857836816,5.46949836741539,0.32991170692138183,107.5416467373169,11200
2019,"Adam Eaton","WSN",656,0.099085365,0.161585365,0.613207547,0.279151943,0.364760432,0.427561837,0.792322269,0.148409894,0.319196428,94.84600751520586,12.25560729624223,0.3415126771057223,107.47429084046243,11205
2019,"Mike Freeman","CLE",213,0.103286384,0.286384976,0.360655737,0.276836158,0.36231884,0.389830508,0.752149348,0.11299435,0.387931034,28.16084021702769,1.344140145931268,0.327200334429165,99.23190159189855,11241
2019,"Jonathan Schoop","MIN",464,0.043103448,0.25,0.172413793,0.256351039,0.30387931,0.473441108,0.777320418,0.217090069,0.298305084,60.124869001678064,1.7072688468013515,0.3241565917532078,100.37510455805085,11265
2019,"Whit Merrifield","KCR",735,0.061224489,0.171428571,0.357142857,0.302496328,0.348299319,0.462555066,0.810854385,0.160058738,0.349907918,105.38509442160984,12.848594176277116,0.3401230124578084,110.1818539753176,11281
2019,"Jake Marisnick","HOU",318,0.053459119,0.298742138,0.178947368,0.232876712,0.288888888,0.410958904,0.699847792,0.178082192,0.310160427,33.61849068392341,-6.4177094222205415,0.2965530440920875,85.95025513276357,11339
2019,"Jesus Aguilar","2 Tms",369,0.116531165,0.219512195,0.530864197,0.235668789,0.325136612,0.388535031,0.713671643,0.152866242,0.271929824,42.425933593279495,-4.031166529887547,0.3073119006521715,88.32599577512079,11342
2019,"Yasmani Grandal","MIL",632,0.172468354,0.219936708,0.784172661,0.245614035,0.379746835,0.467836257,0.847583092,0.222222222,0.279202279,101.93456861792357,22.36576840697083,0.36083966228697034,121.20989270215168,11368
2019,"Delino DeShields","TEX",408,0.093137254,0.245098039,0.38,0.249299719,0.325,0.347338935,0.672338935,0.098039216,0.333333333,42.5038098759205,-8.863390260264184,0.29476857870817186,72.42653017041128,11379
2019,"Gary Sanchez","NYY",446,0.089686098,0.280269058,0.32,0.232323232,0.316143497,0.525252525,0.841396022,0.292929293,0.243697478,66.1628994727949,10.011499323926333,0.3458681978436679,116.24782781722087,11442
2019,"Mark Canha","OAK",497,0.134808853,0.21529175,0.626168224,0.273170731,0.396378269,0.51707317,0.913451439,0.243902439,0.308243727,90.79232126766696,28.220021101775323,0.38558684938376947,146.20133009041749,11445
2019,"Tony Wolters","COL",411,0.08759124,0.165450121,0.529411764,0.26183844,0.337408312,0.328690807,0.666099119,0.066852367,0.314189189,41.14418527296191,-10.600714864224136,0.2900619326841713,61.697661661085355,11470
2019,"Christian Yelich","MIL",580,0.137931034,0.203448275,0.677966101,0.329243353,0.429310344,0.670756646,1.10006699,0.341513293,0.354545454,134.0350765610264,61.01307636743049,0.44159490546436175,174.0691417936553,11477
2019,"Manny Machado","SDP",661,0.098335854,0.19364599,0.5078125,0.255536626,0.334341906,0.461669505,0.796011411,0.206132879,0.274418604,91.82153166022782,8.601631439595268,0.33495417608678524,108.04796874104096,11493
2019,"Bryce Harper","PHI",682,0.14516129,0.260997067,0.556179775,0.260034904,0.372434017,0.509598603,0.88203262,0.249563699,0.313186813,112.7320951931838,26.868294965541736,0.3654756883572893,124.92486808027913,11579
2019,"Yolmer Sanchez","CHW",555,0.079279279,0.21081081,0.376068376,0.252016129,0.317518248,0.320564516,0.638082764,0.068548387,0.32368421,51.20496540330989,-18.66953478194134,0.28098492321628105,74.21643680872718,11602
2019,"Willson Contreras","CHC",409,0.092909535,0.249388753,0.372549019,0.272222222,0.354523227,0.533333333,0.88785656,0.261111111,0.313559322,68.51036175469739,17.017261618178907,0.3680331039194393,127.21985749167872,11609
2019,"Brandon Drury","TOR",447,0.055928411,0.25279642,0.221238938,0.217703349,0.261744966,0.380382775,0.642127741,0.162679426,0.259385665,37.35724245869796,-18.920057690504382,0.2709342595981538,65.59180262233372,11615
2019,"Elias Diaz","PIT",332,0.069277108,0.168674698,0.410714285,0.240924092,0.296072507,0.306930693,0.6030032,0.066006601,0.286290322,26.113025980162192,-15.685774130654762,0.26524306532119335,61.319067555301935,11680
2019,"Nicholas Castellanos","2 Tms",664,0.061746987,0.215361445,0.286713286,0.289430894,0.337349397,0.525203252,0.862552649,0.235772358,0.337053571,105.13164748296681,21.5340472613329,0.3574569879793653,121.48481427087727,11737
2019,"J.T. Realmuto","PHI",593,0.069139966,0.207419898,0.333333333,0.275092936,0.327702702,0.492565055,0.820267757,0.217472119,0.309045226,84.82319169541405,10.16449149747895,0.33972935292680384,108.07231579802128,11739
2019,"Leonys Martin","CLE",264,0.079545454,0.295454545,0.269230769,0.199152542,0.275862068,0.343220338,0.619082406,0.144067796,0.255033557,21.704567526974138,-11.533032561145369,0.26936212398996756,60.149359334110656,11846
2019,"Ronny Rodriguez","DET",294,0.044217687,0.278911564,0.158536585,0.221014492,0.25170068,0.438405797,0.690106477,0.217391305,0.254054054,27.584951341954167,-9.429648756178922,0.28279558736450816,72.23554859142858,11875
2019,"Joc Pederson","LAD",514,0.097276264,0.215953307,0.45045045,0.248888888,0.3385214,0.537777777,0.876299177,0.288888889,0.249180327,83.30142589397573,18.588825722409727,0.3617375597823411,127.00528105717817,11899
2019,"Hanser Alberto","BAL",550,0.029090909,0.09090909,0.32,0.305343511,0.329067641,0.421755725,0.750823366,0.116412214,0.318279569,68.50452966745014,-0.7404705161321615,0.31834252588041534,95.62038004399332,11902
2019,"Joe Panik","2 Tms",491,0.087576374,0.095723014,0.914893617,0.244292237,0.314928425,0.335616438,0.650544863,0.091324201,0.261538461,46.47776359218643,-15.339136571702507,0.28374532287370496,76.13977203596444,11936
2019,"Travis Shaw","MIL",270,0.133333333,0.329629629,0.404494382,0.156521739,0.281481481,0.269565217,0.551046698,0.113043478,0.21641791,17.187121030748383,-16.80587905937384,0.2478929731283295,47.27937201530801,11982
2019,"Jon Berti","MIA",287,0.083623693,0.2543554,0.328767123,0.2734375,0.348432055,0.40625,0.754682055,0.1328125,0.359550561,37.75978329357243,1.6264831977758483,0.3264560994370889,104.11240641563795,12037
2019,"Niko Goodrum","DET",472,0.097457627,0.292372881,0.333333333,0.24822695,0.322033898,0.420803782,0.74283768,0.172576832,0.338181818,57.62767387766608,-1.7971262798809184,0.31549532929803153,94.33147853516665,12092
2019,"Max Kepler","MIN",596,0.10067114,0.166107382,0.606060606,0.251908396,0.335570469,0.519083969,0.854654438,0.267175573,0.244274809,93.12239207682241,18.085991877885945,0.3550053730907056,121.22029999319416,12144
2019,"Nick Ahmed","ARI",625,0.0832,0.1808,0.460176991,0.253597122,0.315705128,0.437050359,0.752755487,0.183453237,0.279816513,75.87920211548119,-2.808298093135063,0.314701953884873,91.52137941956627,12147
2019,"Eddie Rosario","MIN",590,0.037288135,0.145762711,0.255813953,0.275800711,0.3,0.5,0.8,0.224199289,0.273333333,78.71217798338564,4.431177786451896,0.3285885021394613,103.36984322022933,12155
2019,"Austin Barnes","LAD",242,0.095041322,0.231404958,0.410714285,0.202830188,0.293388429,0.339622641,0.63301107,0.136792453,0.248366013,20.4135158947487,-10.054284186027516,0.2718367446915375,68.15969541544719,12158
2019,"Ben Gamel","MIL",356,0.11235955,0.292134831,0.384615384,0.247588424,0.337078651,0.372990353,0.710069004,0.125401929,0.346534653,41.2048327638237,-3.615567355004118,0.3081509248685029,86.72188937335576,12160
2019,"Xander Bogaerts","BOS",698,0.108882521,0.1747851,0.622950819,0.309446254,0.383954154,0.555374592,0.939328746,0.245928338,0.337634408,129.8798049499546,42.001604716971976,0.38951261444338436,140.98286075158336,12161
2019,"Miguel Sano","MIN",439,0.125284738,0.362186788,0.345911949,0.247368421,0.346241457,0.576315789,0.922557246,0.328947368,0.319148936,77.50422639584036,22.2341262493083,0.3784912870793788,137.0902451203869,12164
2019,"Maikel Franco","PHI",428,0.084112149,0.142523364,0.590163934,0.233933161,0.296728971,0.408740359,0.70546933,0.174807198,0.235668789,39.51981185169374,-14.36538829116668,0.2810714673296455,69.67713965880588,12179
2019,"Jorge Alfaro","MIA",465,0.047311827,0.331182795,0.142857142,0.262180974,0.311827956,0.424593967,0.736421923,0.162412993,0.363984674,55.3361899101069,-3.2073102451035926,0.3119206937222645,94.59809377047368,12180
2019,"Rougned Odor","TEX",581,0.08950086,0.30636833,0.292134831,0.204980842,0.28275862,0.438697318,0.721455938,0.233716476,0.244444444,63.96000657506549,-9.18789361886418,0.30160564390433287,77.04648447776522,12282
2019,"Kevan Smith","LAA",211,0.075829383,0.17535545,0.432432432,0.2513089,0.317535545,0.392670157,0.710205702,0.141361257,0.286666666,23.936293963077212,-2.628606107351636,0.3054881304926217,91.0381026163108,12284
2019,"Tommy La Stella","LAA",321,0.062305295,0.087227414,0.714285714,0.294520547,0.346031746,0.486301369,0.832333115,0.191780822,0.282258064,49.114189466475175,8.700289359329867,0.3512549559275309,121.96374632973448,12371
2019,"Kevin Pillar","2 Tms",645,0.027906976,0.137984496,0.202247191,0.258592471,0.286821705,0.432078559,0.718900264,0.173486088,0.269685039,68.84898238905123,-12.356517826240754,0.29769610298591176,84.82867409009354,12434
2019,"Curt Casali","CIN",236,0.105932203,0.25,0.423728813,0.251207729,0.330508474,0.410628019,0.741136493,0.15942029,0.307692307,28.85514559072634,-0.8572544880471588,0.3156978206431612,90.39131720491825,12510
2019,"Kolten Wong","STL",549,0.0856102,0.15118397,0.56626506,0.284518828,0.360957642,0.422594142,0.783551784,0.138075314,0.32133676,75.81090261674998,6.691802433501464,0.3340009508522913,107.94638198653479,12532
2019,"Marcus Semien","OAK",747,0.116465863,0.136546184,0.852941176,0.284627092,0.369477911,0.522070015,0.891547926,0.237442923,0.294455066,128.0684800905614,34.02117984122325,0.3725873390300162,137.41727697270895,12533
2019,"C.J. Cron","MIN",499,0.058116232,0.214428857,0.271028037,0.253275109,0.310621242,0.469432314,0.780053556,0.216157205,0.277439024,64.93014660429311,2.1060464377338914,0.3247825351934279,100.79806821421558,12546
2019,"John Hicks","DET",333,0.039039039,0.327327327,0.119266055,0.210031347,0.24024024,0.379310344,0.619550584,0.169278997,0.272727272,24.485884634205824,-17.438815476944917,0.2593170869815815,56.37061299958747,12547
2019,"Eugenio Suarez","CIN",662,0.105740181,0.285498489,0.37037037,0.271304347,0.358006042,0.572173913,0.930179955,0.300869566,0.311953352,118.14683527450957,34.80103505354323,0.3807151330278275,132.9491273900946,12552
2019,"Trevor Story","COL",656,0.088414634,0.265243902,0.333333333,0.294217687,0.362804878,0.554421768,0.917226646,0.260204081,0.361256544,116.81471029782502,34.22431007886139,0.3802543188013682,120.73409838449942,12564
2019,"Alex Dickerson","2 Tms",190,0.068421052,0.221052631,0.309523809,0.275862068,0.331578947,0.488505747,0.820084694,0.212643679,0.330708661,27.339844587011473,3.4188445235921283,0.3405967074096518,113.00117713348811,12649
2019,"George Springer","HOU",556,0.120503597,0.20323741,0.592920353,0.292275574,0.383093525,0.590814196,0.973907721,0.298538622,0.305135951,108.72866447409767,38.72826428851265,0.40048064154547613,156.17640300938848,12856
2019,"Brian Goodwin","LAA",458,0.082969432,0.281659388,0.294573643,0.26150121,0.326039387,0.469733656,0.795773043,0.208232446,0.337037037,62.537716914117404,4.875516761243409,0.3322149551831759,109.0980019018041,12858
2019,"James McCann","CHW",476,0.06302521,0.287815126,0.218978102,0.273348519,0.328421052,0.460136674,0.788557726,0.186788155,0.359154929,65.13334063397863,5.204940475096494,0.33254988183452105,109.06000577317548,12859
2019,"Anthony Rendon","WSN",646,0.123839009,0.133126934,0.930232558,0.319266055,0.411764705,0.598165137,1.009929842,0.278899082,0.322580645,133.1238104944607,51.792410278834936,0.41264939364221026,154.0376255665305,12861
2019,"Francisco Lindor","CLE",654,0.070336391,0.149847094,0.469387755,0.284280936,0.335375191,0.518394648,0.853769839,0.234113712,0.29113924,98.97835799419512,16.63975777589908,0.3493338306868298,114.18798851495686,12916
2019,"Brandon Nimmo","NYM",254,0.181102362,0.279527559,0.647887323,0.221105527,0.375494071,0.407035175,0.782529246,0.185929648,0.292682926,36.32921051909919,4.350610434317543,0.3397149992179111,113.85547678176926,12927
2019,"Jose Osuna","PIT",285,0.063157894,0.168421052,0.375,0.264367816,0.309859154,0.455938697,0.765797851,0.191570881,0.285024154,35.82635062507829,-0.05514947005072166,0.3196761473803453,96.94885120987594,12937
2019,"Austin Hedges","SDP",347,0.077809798,0.314121037,0.247706422,0.176282051,0.252173913,0.310897435,0.563071348,0.134615384,0.227979274,20.426679238276968,-23.260620877546778,0.2423522430553771,47.43433609170818,12976
2019,"Javier Baez","CHC",561,0.049910873,0.278074866,0.179487179,0.280602636,0.315508021,0.531073446,0.846581467,0.25047081,0.344827586,83.82111382445129,13.19121363719733,0.34710191227629195,113.51911151761573,12979
2019,"Jackie Bradley Jr.","BOS",567,0.098765432,0.273368606,0.361290322,0.224696356,0.317375886,0.421052631,0.738428517,0.196356275,0.28125,68.27805248100633,-3.107247708250342,0.3135602833327975,89.66021145683114,12984
2019,"Teoscar Hernandez","TOR",464,0.096982758,0.329741379,0.294117647,0.230215827,0.306034482,0.472422062,0.778456544,0.242206235,0.292887029,60.316563486911306,1.8989633320346053,0.32463452702722073,101.87824639564732,13066
2019,"Josh Bell","PIT",613,0.120717781,0.192495921,0.627118644,0.277039848,0.367047308,0.569259962,0.93630727,0.292220114,0.287598944,108.20491891226523,31.02821870765439,0.37845633149147034,135.4240792114712,13145
2019,"Jorge Polanco","MIN",704,0.085227272,0.164772727,0.517241379,0.294770206,0.356125356,0.484944532,0.841069888,0.190174326,0.328,108.42708734587309,19.79348711088773,0.3524257395948682,119.47718528848424,13152
2019,"Orlando Arcia","MIL",546,0.078754578,0.199633699,0.394495412,0.222672064,0.283088235,0.350202429,0.633290664,0.127530365,0.252659574,44.61108127678258,-24.130318905464584,0.26877329389327975,60.94681988616034,13185
2019,"Mike Zunino","TBR",289,0.069204152,0.339100346,0.204081632,0.165413533,0.23183391,0.312030075,0.543863985,0.146616542,0.220125786,15.236859690337841,-21.148240406126316,0.23524476665114036,44.69910036584978,13265
2019,"Max Muncy","LAD",589,0.152801358,0.252971137,0.604026845,0.250513347,0.373514431,0.51540041,0.888914841,0.264887063,0.283387622,100.9312914175983,26.776191220998342,0.37249094835754964,134.0440320151322,13301
2019,"Ildemaro Vargas","ARI",211,0.042654028,0.113744075,0.375,0.268656716,0.298578199,0.412935323,0.711513522,0.144278607,0.279069767,22.99933463444485,-3.5655654359839977,0.3003510575723874,82.12783947069035,13324
2019,"Jake Lamb","ARI",226,0.14159292,0.243362831,0.581818181,0.192513368,0.323008849,0.352941176,0.675950025,0.160427808,0.234375,23.971974721016274,-4.481425354419365,0.29696044127146404,79.90847358715851,13329
2019,"Omar Narvaez","SEA",482,0.097510373,0.190871369,0.510869565,0.278037383,0.352697095,0.460280373,0.812977468,0.18224299,0.30599369,71.03095006204059,10.34714990115572,0.344734261784385,119.02785845828308,13338
2019,"Bubba Starling","KCR",197,0.045685279,0.284263959,0.160714285,0.215053763,0.25510204,0.317204301,0.572306341,0.102150538,0.285714285,12.399800617947635,-12.402499447808209,0.24706830783766143,47.302757302261384,13356
2019,"Tyler Naquin","CLE",294,0.047619047,0.224489795,0.212121212,0.288321167,0.325342465,0.467153284,0.792495749,0.178832117,0.345,39.59410221472308,2.5795021165899925,0.33005000517286104,101.15748636389563,13359
2019,"Stephen Piscotty","OAK",393,0.073791348,0.213740458,0.345238095,0.249299719,0.308673469,0.411764705,0.720438174,0.162464986,0.288973384,44.83288062209201,-4.645819509085888,0.306224379612475,92.57437560883501,13367
2019,"Christian Walker","ARI",603,0.111111111,0.257048092,0.432258064,0.258979206,0.348258706,0.47637051,0.824629216,0.217391304,0.312138728,89.26780935261147,13.350109151338494,0.34551209201365457,111.68850048581614,13419
2019,"Dwight Smith Jr","BAL",392,0.06632653,0.209183673,0.31707317,0.240896358,0.296675191,0.411764705,0.708439896,0.170868347,0.27443609,42.394054403015076,-6.95874572782904,0.2993636991056945,82.79597220367778,13473
2019,"Tom Murphy","SEA",281,0.067615658,0.30960854,0.218390804,0.273076923,0.323843416,0.534615384,0.8584588,0.261538461,0.339743589,43.821506659701804,8.443606565907933,0.3546615546284197,125.73594709270394,13499
2019,"Jose  Ramirez","CLE",542,0.095940959,0.136531365,0.702702702,0.255186721,0.326568265,0.479253112,0.805821377,0.224066391,0.255754475,75.05103694778123,6.813236766869199,0.334442257217662,104.12542701842624,13510
2019,"Jesse Winker","CIN",384,0.098958333,0.15625,0.633333333,0.269230769,0.356770833,0.473372781,0.830143614,0.204142012,0.286259541,58.664047789042236,10.318447660868413,0.3509857014835817,113.48939492549033,13590
2019,"Jose Peraza","CIN",403,0.042183622,0.143920595,0.293103448,0.239361702,0.285359801,0.34574468,0.631104481,0.106382978,0.267515923,34.15767234806492,-16.58002778645084,0.27230540901496453,61.9883280652848,13593
2019,"Mallex Smith","SEA",566,0.074204946,0.249116607,0.29787234,0.22745098,0.29964539,0.335294117,0.634939507,0.107843137,0.302197802,50.703004503340956,-20.55639568558193,0.277884656233145,73.85611967118237,13608
2019,"Mookie Betts","BOS",706,0.137393767,0.14305949,0.960396039,0.29480737,0.390934844,0.524288107,0.915222951,0.229480737,0.308823529,125.76637004145027,36.88096980579734,0.38033313461712426,134.78008570909714,13611
2019,"Ketel Marte","ARI",628,0.084394904,0.136942675,0.616279069,0.328646748,0.388535031,0.592267135,0.980802166,0.263620387,0.342163355,125.11921641102717,46.05401620140955,0.4047370078845527,150.45483264292864,13613
2019,"Carson Kelly","ARI",365,0.131506849,0.216438356,0.607594936,0.245222929,0.347945205,0.477707006,0.825652211,0.232484077,0.270642201,52.101909203963565,6.148409082131675,0.3393871115966582,107.67932593808551,13620
2019,"Jeimer Candelario","DET",386,0.111398963,0.256476683,0.434343434,0.202985074,0.305699481,0.337313432,0.643012913,0.134328358,0.262008733,36.271043457073404,-12.326356671767996,0.28295762600836816,72.34504164278623,13621
2019,"Corey Seager","LAD",541,0.081330868,0.181146025,0.448979591,0.27198364,0.334565619,0.482617586,0.817183205,0.210633946,0.303191489,77.66430533097243,9.552405150394193,0.3403264569970312,112.99040386875379,13624
2019,"Jacob Stallings","PIT",210,0.076190476,0.19047619,0.4,0.261780104,0.325358851,0.382198952,0.707557803,0.120418848,0.303448275,22.352359251698445,-4.086640818396616,0.29738745969884534,82.35954099640641,13723
2019,"David Dahl","COL",413,0.06779661,0.266343825,0.254545454,0.302139037,0.352798053,0.524064171,0.876862224,0.221925134,0.385826771,67.68027143387599,15.683571296022365,0.36383113431814523,109.9841189984248,13744
2019,"Chris Taylor","LAD",414,0.08937198,0.277777777,0.32173913,0.262295081,0.332524271,0.461748633,0.794272904,0.199453552,0.344262295,56.087839651700456,3.9652395135130405,0.3309801787793782,106.87269275865059,13757
2019,"Adalberto Mondesi","KCR",443,0.04288939,0.297968397,0.143939393,0.262650602,0.29090909,0.424096385,0.715005475,0.161445783,0.357142857,47.341823918161126,-8.431876229706077,0.2978809882294048,81.63799543570002,13769
2019,"Joey Wendle","TBR",263,0.053231939,0.178707224,0.29787234,0.231092436,0.292775665,0.340336134,0.633111799,0.109243698,0.272251308,22.871041472131125,-10.240658615654597,0.274854695389026,71.46439448493014,13853
2019,"Rio Ruiz","BAL",413,0.0968523,0.21307506,0.454545454,0.232432432,0.305825242,0.375675675,0.681500917,0.143243243,0.272058823,42.698321112113724,-9.298379025739896,0.2938543896651962,79.07321146498141,14103
2019,"Addison Russell","CHC",241,0.082987551,0.2406639,0.344827586,0.237209302,0.308333333,0.390697674,0.699031007,0.153488372,0.28,25.504822172943715,-4.8370779074987125,0.2966810074173102,80.51554339628181,14106
2019,"Albert Almora Jr.","CHC",363,0.044077134,0.170798898,0.258064516,0.2359882,0.27094972,0.380530973,0.651480693,0.144542773,0.254681647,30.3166797385944,-15.38502038256992,0.2708692153294881,63.62014572567867,14109
2019,"Joey Gallo","TEX",297,0.175084175,0.383838383,0.45614035,0.253112033,0.388513513,0.597510373,0.986023886,0.34439834,0.367924528,58.15213157408314,20.759831474948694,0.40076206971521244,144.04864745026615,14128
2019,"Daniel Vogelbach","SEA",558,0.164874551,0.267025089,0.617449664,0.207792207,0.340501792,0.439393939,0.779895731,0.231601732,0.231578947,76.48197774111415,6.229777554861554,0.3328156417651142,110.97418655141536,14130
2019,"Daniel Robertson","TBR",237,0.101265822,0.248945147,0.406779661,0.212560386,0.312236286,0.29468599,0.606922276,0.082125604,0.287671232,20.54735952861302,-9.290940550494266,0.2745488062186583,71.25769849042554,14145
2019,"Byron Buxton","MIN",295,0.064406779,0.230508474,0.279411764,0.261992619,0.313993174,0.512915129,0.826908303,0.25092251,0.314432989,42.33123237956418,5.190732281097308,0.34025561319638603,111.25356502707734,14161
2019,"Carlos Correa","HOU",321,0.109034267,0.233644859,0.466666666,0.278571428,0.358255451,0.567857142,0.926112593,0.289285714,0.303191489,57.20192872208889,16.78802861494358,0.38040233809628593,142.60905476228817,14162
2019,"Jorge Soler","KCR",679,0.107511045,0.26215022,0.410112359,0.264855687,0.353550295,0.568760611,0.922310906,0.303904924,0.294277929,119.80245120140665,34.31635097476595,0.3783667317825476,136.02397054936623,14221
2019,"Yasiel Puig","2 Tms",611,0.072013093,0.217675941,0.330827067,0.266666666,0.327332242,0.457657657,0.784989899,0.190990991,0.308457711,82.46667737568485,5.5417771717416,0.3304057517989737,100.5889388737657,14225
2019,"Mitch Haniger","SEA",283,0.106007067,0.286219081,0.37037037,0.219512195,0.314487632,0.463414634,0.777902266,0.243902439,0.256578947,37.00194002987783,1.3722399354163857,0.3255094661780283,106.03724410529176,14274
2019,"Matt Olson","OAK",547,0.093235831,0.252285191,0.369565217,0.267080745,0.351005484,0.544513457,0.895518941,0.277432712,0.3,91.6143056956375,22.74700551305656,0.3680076793388084,134.3227008776191,14344
2019,"Raimel Tapia","COL",447,0.046979865,0.223713646,0.21,0.274647887,0.308724832,0.415492957,0.724217789,0.14084507,0.340694006,51.223883363774746,-5.053416785427602,0.3068215932355364,72.66788522697361,14350
2019,"Lewis Brinson","MIA",248,0.052419354,0.298387096,0.175675675,0.172566371,0.235772357,0.221238938,0.457011295,0.048672567,0.25490196,6.654147744418344,-24.569052338360585,0.20529220736756618,24.803223509331843,14352
2019,"Harold Ramirez","MIA",446,0.040358744,0.204035874,0.197802197,0.275534441,0.31235955,0.415676959,0.728036509,0.140142518,0.328125,51.68726167357388,-4.464138475294684,0.3083207609954181,92.24171747546299,14387
2019,"Ronald Guzman","TEX",295,0.108474576,0.294915254,0.367816091,0.21875,0.308474576,0.4140625,0.722537076,0.1953125,0.282208588,33.536471166491005,-3.6040289319758685,0.305766702103777,79.85820240060534,14388
2019,"Jake Cave","MIN",228,0.092105263,0.311403508,0.295774647,0.257575757,0.350877192,0.454545454,0.805422646,0.196969697,0.358333333,33.33737702318993,4.63217694708672,0.3434032463190848,113.38048948749457,14477
2019,"Renato Nunez","BAL",599,0.073455759,0.238731218,0.307692307,0.243992606,0.310517529,0.46025878,0.770776309,0.216266174,0.272237196,77.02486745864442,1.6107672587066024,0.32301088719064974,98.7748937607284,14503
2019,"Pedro Severino","BAL",341,0.085043988,0.214076246,0.397260273,0.249180327,0.320588235,0.419672131,0.740260366,0.170491804,0.285067873,41.7533721710731,-1.1785279427479258,0.3159018204492681,93.9711420674501,14523
2019,"Anthony Santander","BAL",405,0.04691358,0.212345679,0.220930232,0.260526315,0.297029702,0.476315789,0.773345491,0.215789474,0.285198555,51.34035609002382,0.35085595484048177,0.32090219884815785,97.3500069838358,14551
2019,"Nomar Mazara","TEX",469,0.059701492,0.230277185,0.259259259,0.268065268,0.317697228,0.468531468,0.786228696,0.2004662,0.311688311,61.85404985298021,2.8069496964345757,0.3268237218611756,94.08689063702208,14553
2019,"Franmil Reyes","2 Tms",548,0.085766423,0.284671532,0.301282051,0.248987854,0.310218978,0.512145748,0.822364726,0.263157894,0.279220779,77.58482215161742,8.591621968702679,0.33802008410912326,108.69437980972218,14566
2019,"David Bote","CHC",356,0.123595505,0.261235955,0.473118279,0.257425742,0.36235955,0.422442244,0.784801794,0.165016502,0.333333333,49.663986286240494,4.843586167412671,0.3356396345929666,106.01634925253342,14593
2019,"Harold Castro","DET",369,0.024390243,0.23306233,0.104651162,0.290960451,0.305177111,0.38418079,0.689357901,0.093220339,0.367041198,37.62418010421909,-8.832920018947943,0.2922079387737555,78.595680049572,14691
2019,"Manuel Margot","SDP",441,0.0861678,0.199546485,0.431818181,0.233668341,0.303652968,0.386934673,0.690587641,0.153266332,0.27181208,46.33476869925438,-9.187131447945251,0.2957999092490504,82.41910475230053,14712
2019,"Dawel Lugo","DET",288,0.027777777,0.204861111,0.13559322,0.245421245,0.270833333,0.38095238,0.651785713,0.135531135,0.287735849,24.390269033466296,-11.868931062664075,0.272224362303571,65.09234089147756,14713
2019,"Phillip Ervin","CIN",260,0.069230769,0.242307692,0.285714285,0.27118644,0.33076923,0.466101694,0.796870924,0.194915254,0.339285714,35.937695947515145,3.20369586073078,0.3341546173279102,102.47242023927232,14738
2019,"Luke Voit","NYY",510,0.139215686,0.278431372,0.5,0.263403263,0.378431372,0.463869463,0.842300835,0.2004662,0.344569288,81.80511087079283,17.59611070056197,0.35981388683394183,125.67123450870754,14811
2019,"Kyle Farmer","CIN",197,0.050761421,0.299492385,0.169491525,0.229508196,0.279187817,0.409836065,0.689023882,0.180327869,0.284482758,19.506988978470176,-5.295311087285667,0.2888041369769038,72.78775528163754,14813
2019,"JaCoby Jones","DET",333,0.081081081,0.282282282,0.287234042,0.234899328,0.310240963,0.429530201,0.739771164,0.194630873,0.304123711,39.499693650144,-2.4250064610067392,0.3114754676818848,91.61517022807139,14818
2019,"Mike Yastrzemski","SFG",410,0.07804878,0.260975609,0.29906542,0.272237196,0.334146341,0.517520215,0.851666556,0.245283019,0.325203252,63.18670122658868,11.56770108973642,0.3525392918831562,120.87133927525622,14854
2019,"Tony Kemp","2 Tms",279,0.082437275,0.168458781,0.489361702,0.212244897,0.291366906,0.379591836,0.670958742,0.167346939,0.226804123,26.829385631093924,-8.296714462032373,0.2853505744830796,77.0075620134686,14894
2019,"Johan Camargo","ATL",248,0.06048387,0.173387096,0.348837209,0.23275862,0.279352226,0.383620689,0.662972915,0.150862069,0.258241758,22.36019549866699,-8.863004584111941,0.27855655368493526,67.27957703087452,14950
2019,"Victor Caratini","CHC",279,0.103942652,0.211469534,0.491525423,0.266393442,0.34767025,0.446721311,0.794391561,0.180327869,0.305084745,39.4789758336432,4.352875740516902,0.3379488551061213,107.52787540872274,14968
2019,"Adam Engel","CHW",248,0.056451612,0.314516129,0.179487179,0.242290748,0.303643724,0.383259911,0.686903635,0.140969163,0.342657342,26.01714094932931,-5.20605913344962,0.2956151875407107,84.10242600791274,15082
2019,"Ryan McMahon","COL",539,0.103896103,0.296846011,0.35,0.25,0.328996282,0.45,0.778996282,0.2,0.323232323,72.39376863895458,4.533668459043927,0.3296305795843597,87.5977627618443,15112
2019,"Hunter Dozier","KCR",586,0.093856655,0.252559726,0.371621621,0.279158699,0.348122866,0.521988527,0.870111393,0.242829828,0.33898305,94.04069010364327,20.263289908044662,0.35990275054761806,123.5474550869845,15117
2019,"Tim Locastro","ARI",250,0.056,0.176,0.318181818,0.25,0.357429718,0.339622641,0.697052359,0.089622641,0.309523809,30.15115349283277,-1.3238465906137347,0.3137740327651242,90.91399825549347,15124
2019,"Trey Mancini","BAL",679,0.092783505,0.210603829,0.44055944,0.290697674,0.36377025,0.53488372,0.89865397,0.244186046,0.326340326,116.54734313567161,31.06124290903091,0.3728208183889558,132.4325523593079,15149
2019,"Mitch Garver","MIN",359,0.114206128,0.242339832,0.471264367,0.273311897,0.364902506,0.63022508,0.995127586,0.356913183,0.276923076,71.43397887857397,26.23587875874478,0.40444319261481837,154.62651460481692,15161
2019,"Josh VanMeter","CIN",260,0.111538461,0.215384615,0.517857142,0.236842105,0.326923076,0.407894736,0.734817812,0.171052631,0.278787878,31.845850521176285,-0.8881495656080773,0.3159482492850377,90.55523807791367,15170
2019,"Tim Anderson","CHW",518,0.028957528,0.21042471,0.137614678,0.335341365,0.357142857,0.508032128,0.865174985,0.172690763,0.399463806,84.5732364874687,19.35703631456755,0.36313013703666597,129.72375223276165,15172
2019,"Ryan Cordell","CHW",247,0.076923076,0.279352226,0.275362318,0.221198156,0.290456431,0.354838709,0.64529514,0.133640553,0.286713286,22.40149479391612,-8.69580528852902,0.2791722671619589,72.99158551571642,15181
2019,"Chad Pinder","OAK",370,0.054054054,0.237837837,0.227272727,0.240469208,0.289972899,0.416422287,0.706395186,0.175953079,0.283950617,39.53119080508109,-7.051809318419734,0.2978516464957054,86.91673694117034,15191
2019,"Jake Bauers","CLE",423,0.106382978,0.271867612,0.391304347,0.225806451,0.312056737,0.370967741,0.683024478,0.14516129,0.29032258,44.61327036470934,-8.642429776482148,0.29626406281834233,78.3275870678623,15194
2019,"Brandon Dixon","DET",420,0.05,0.323809523,0.154411764,0.248081841,0.29047619,0.434782608,0.725258798,0.186700767,0.336065573,46.82268083558817,-6.055319304601952,0.3032211905434018,86.03757485258194,15214
2019,"Adam Frazier","PIT",608,0.065789473,0.123355263,0.533333333,0.277978339,0.336092715,0.416967509,0.753060224,0.13898917,0.306382978,76.60987932997436,0.06267912703247114,0.3200192666053772,97.1734437424525,15223
2019,"Mike Tauchman","NYY",296,0.114864864,0.239864864,0.478873239,0.276923076,0.361486486,0.503846153,0.865332639,0.226923077,0.333333333,48.440086798710084,11.173686699909425,0.36356990885090185,128.2092606351096,15274
2019,"Garrett Cooper","MIA",421,0.078384798,0.26128266,0.3,0.280839895,0.344418052,0.446194225,0.790612277,0.16535433,0.356589147,59.061256800461656,6.057356659937745,0.33654480280615656,110.71608022570132,15279
2019,"Jeff McNeil","NYM",567,0.061728395,0.132275132,0.466666666,0.317647058,0.384479717,0.531372549,0.915852266,0.213725491,0.336561743,103.02432306423533,31.639022874978664,0.3844531576190375,143.13933954750422,15362
2019,"Kris Bryant","CHC",634,0.116719242,0.228706624,0.510344827,0.281767955,0.38170347,0.521178637,0.902882107,0.239410682,0.330623306,112.46719260655708,32.64659239493675,0.3794697928014336,134.70587032018838,15429
2019,"Hunter Renfroe","SDP",494,0.093117408,0.31174089,0.298701298,0.21590909,0.289473684,0.488636363,0.778110047,0.272727273,0.239382239,62.16432912115204,-0.03027104373824944,0.31982911721204405,98.14769201439701,15464
2019,"Aristides Aquino","CIN",225,0.071111111,0.266666666,0.266666666,0.258536585,0.315555555,0.575609756,0.891165311,0.317073171,0.265625,36.141463638098585,7.813963562996729,0.3600759704016784,119.43953228059583,15482
2019,"Victor Reyes","DET",292,0.047945205,0.219178082,0.21875,0.304347826,0.335616438,0.43115942,0.766775858,0.126811594,0.383886255,37.93866530046169,1.1758652029961763,0.3245585707769002,100.45570878711727,15487
2019,"J.P. Crawford","SEA",396,0.108585858,0.209595959,0.518072289,0.226086956,0.312977099,0.371014492,0.683991591,0.144927536,0.275193798,41.70840550204304,-8.147994630136218,0.2960969349203522,86.16255422367682,15491
2019,"Amed Rosario","NYM",655,0.047328244,0.189312977,0.25,0.287337662,0.323124042,0.431818181,0.754942223,0.144480519,0.3375,81.52409628545604,-0.9404039331737984,0.31823907890993697,99.79817255775941,15518
2019,"Tyler White","2 Tms",279,0.129032258,0.279569892,0.461538461,0.208333333,0.308243727,0.304166666,0.612410393,0.095833333,0.290123456,24.01635765234962,-11.109742440776676,0.2738343528521958,70.75790942176235,15564
2019,"Willians Astudillo","MIN",204,0.024509803,0.039215686,0.625,0.268421052,0.299019607,0.378947368,0.677966975,0.110526316,0.258241758,20.10059395847369,-5.583006109618655,0.2882396800845277,76.1052627458445,15608
2019,"Aaron Judge","NYY",447,0.143176733,0.315436241,0.453900709,0.272486772,0.381165919,0.539682539,0.920848458,0.267195767,0.360189573,80.35603531722343,24.078735168021087,0.38221658354970667,140.80922606193366,15640
2019,"Dominic Smith","NYM",197,0.0964467,0.223350253,0.431818181,0.282485875,0.355329949,0.525423728,0.880753677,0.242937853,0.319672131,33.04433094978026,8.242030884024418,0.36830001676143126,132.5661202417713,15653
2019,"Billy McKinney","TOR",276,0.068840579,0.264492753,0.260273972,0.215139442,0.273722627,0.422310756,0.696033383,0.207171314,0.25,27.97216602528279,-6.776234066842148,0.2914974933123066,79.48682884267294,15654
2019,"Austin Meadows","TBR",591,0.091370558,0.221658206,0.41221374,0.290566037,0.363790186,0.558490566,0.922280752,0.267924529,0.330601092,104.91517606138193,30.508275864114403,0.379618332732437,142.25547277836563,15672
2019,"Jose Abreu","CHW",693,0.051948051,0.219336219,0.236842105,0.283911671,0.33044733,0.503154574,0.833601904,0.219242903,0.320261437,101.77963146924375,14.53093123793004,0.3441570379564482,116.90321472074216,15676
2019,"Rowdy Tellez","TOR",409,0.070904645,0.283618581,0.25,0.227027027,0.293398533,0.448648648,0.742047181,0.221621621,0.266949152,47.324203696759554,-4.168896439758929,0.30810833799427956,90.7111394548283,15679
2019,"Chance Sisco","BAL",198,0.111111111,0.308080808,0.360655737,0.209580838,0.333333333,0.39520958,0.728542913,0.185628742,0.275510204,24.707310765702278,-0.22088930038735183,0.3186094200972355,95.80072629654893,15694
2019,"Aledmys Diaz","HOU",247,0.105263157,0.113360323,0.928571428,0.271428571,0.356275303,0.466666666,0.822941969,0.195238095,0.268156424,36.46050275169605,5.363202669250902,0.3450191423175781,118.69985643585184,15937
2019,"Austin Nola","SEA",267,0.086142322,0.235955056,0.365079365,0.268907563,0.342105263,0.453781512,0.795886775,0.184873949,0.325301204,37.50690785468286,3.891607765561994,0.33676146876137214,113.64046804858042,15941
2019,"Clint Frazier","NYY",246,0.06504065,0.284552845,0.228571428,0.266666666,0.31707317,0.488888888,0.805962058,0.222222222,0.328767123,33.82856169516374,2.8571616130523854,0.333336227280753,107.77970154949412,15983
2019,"Willy Adames","TBR",584,0.078767123,0.261986301,0.300653594,0.254237288,0.316695352,0.418079096,0.734774448,0.163841808,0.320334261,69.87932686190399,-3.6462733330270347,0.3126770691625003,97.02179866578066,15986
2019,"Cody Bellinger","LAD",661,0.143721633,0.163388804,0.879629629,0.30411449,0.405446293,0.627906976,1.033353269,0.323792486,0.301470588,137.14549829011054,53.92559806947799,0.41427804678678515,161.396245416683,15998
2019,"Stevie Wilkerson","BAL",361,0.060941828,0.299168975,0.203703703,0.224924012,0.286111111,0.382978723,0.669089834,0.158054711,0.300469483,34.76489642399484,-10.685003696501905,0.2856591257784102,73.53549263279612,16041
2019,"Austin Slater","SFG",192,0.114583333,0.307291666,0.372881355,0.238095238,0.333333333,0.416666666,0.749999999,0.178571428,0.336538461,24.23322167573122,0.06042161164430638,0.3202640623322332,99.74522620579141,16153
2019,"J.D. Davis","NYM",453,0.083885209,0.214128035,0.391752577,0.307317073,0.368653421,0.526829268,0.895482689,0.219512195,0.354948805,77.98988689637834,20.95718674517327,0.3734195282612566,135.91715384588835,16219
2019,"Trea Turner","WSN",569,0.075571177,0.198594024,0.380530973,0.297504798,0.353251318,0.497120921,0.850372239,0.199616123,0.347826086,89.27505474334103,17.637954553416797,0.35576026317724263,116.80020791376988,16252
2019,"Oscar Mercado","CLE",482,0.058091286,0.174273858,0.333333333,0.269406392,0.317894736,0.442922374,0.76081711,0.173515982,0.300291545,60.937637166926024,0.25383700604117027,0.32050924175664,94.71058410750572,16375
2019,"Michael Conforto","NYM",648,0.129629629,0.229938271,0.563758389,0.256830601,0.36265432,0.493624772,0.856279092,0.236794171,0.29032258,103.07987239853641,21.49667218224308,0.35827724040018083,126.00559969322943,16376
2019,"Francisco Mejia","SDP",244,0.053278688,0.229508196,0.232142857,0.265486725,0.31557377,0.438053097,0.753626867,0.172566372,0.319018404,30.10956081700668,-0.610039264437107,0.317007692262469,96.30089670632067,16403
2019,"Jordan Luplow","CLE",261,0.126436781,0.233716475,0.540983606,0.275555555,0.371647509,0.551111111,0.92275862,0.275555556,0.313333333,47.169688280478454,14.309788193360305,0.383326418098362,137.15752239013372,16424
2019,"Ryan O'Hearn","KCR",370,0.105405405,0.267567567,0.393939393,0.195121951,0.281081081,0.368902439,0.64998352,0.173780488,0.230414746,33.33247909290196,-13.250521030598865,0.2784706027850226,68.52197397498237,16442
2019,"Rhys Hoskins","PHI",705,0.164539007,0.24539007,0.670520231,0.226315789,0.364153627,0.454385964,0.818539591,0.228070175,0.267379679,105.22436092350097,16.464860688181837,0.34691758255021304,112.77745202497884,16472
2019,"Kyle Schwarber","CHC",610,0.114754098,0.255737704,0.448717948,0.24952741,0.339344262,0.531190926,0.870535188,0.281663516,0.275659824,96.33450687876953,19.53550667516007,0.3569486478143487,119.96440257321893,16478
2019,"Matt Chapman","OAK",670,0.108955223,0.219402985,0.496598639,0.24871355,0.341791044,0.50600343,0.847794474,0.25728988,0.270471464,104.28045821421203,19.927457990575395,0.3543076191375505,125.06527092458184,16505
2019,"Isiah Kiner-Falefa","TEX",222,0.063063063,0.22072072,0.285714285,0.237623762,0.298642533,0.321782178,0.620424711,0.084158416,0.307189542,18.813635504037908,-9.136164570062586,0.2722910799052381,57.23799321284866,16512
2019,"Danny Jansen","TOR",383,0.080939947,0.206266318,0.392405063,0.207492795,0.279373368,0.360230547,0.639603915,0.152737752,0.23046875,33.25131886645797,-14.968381261382069,0.2746880279161543,68.1283058751172,16535
2019,"Ozzie Albies","ATL",702,0.076923076,0.159544159,0.482142857,0.2953125,0.351851851,0.5,0.851851851,0.2046875,0.324803149,108.95253468534167,20.570734451023885,0.35379925935432827,116.53053294169308,16556
2019,"Yandy Diaz","TBR",347,0.100864553,0.175792507,0.573770491,0.267100977,0.340057636,0.475570032,0.815627668,0.208469055,0.288135593,50.095029537032424,6.407729421208674,0.34126250902352306,116.33760482303248,16578
2019,"Luis Urias","SDP",249,0.100401606,0.224899598,0.446428571,0.223255813,0.329317269,0.325581395,0.654898664,0.102325582,0.283870967,25.75819415619526,-5.590905926917459,0.2939247232843116,81.19168077209793,16622
2019,"Greg Allen","CLE",256,0.04296875,0.20703125,0.207547169,0.229437229,0.289682539,0.346320346,0.636002885,0.116883117,0.28,22.1372646459575,-10.09313543949172,0.2742896374478283,63.478987818123166,16623
2019,"Colin Moran","PIT",503,0.059642147,0.232604373,0.256410256,0.276824034,0.322067594,0.429184549,0.751252143,0.152360515,0.34117647,61.26704065901987,-2.060659508874489,0.3151606897075095,93.99320780519616,16909
2019,"Gleyber Torres","NYY",604,0.079470198,0.213576158,0.372093023,0.278388278,0.336650082,0.534798534,0.871448616,0.256410256,0.296103896,96.18156678435933,20.137966582752597,0.3584705819686254,124.76353406698982,16997
2019,"Alex Verdugo","LAD",377,0.068965517,0.129973474,0.530612244,0.294460641,0.342175066,0.475218658,0.817393724,0.180758017,0.309027777,54.43027611687967,6.96597599104234,0.3412755940188753,113.61167213921665,17027
2019,"Grayson Greiner","DET",224,0.058035714,0.3125,0.185714285,0.201923076,0.251121076,0.307692307,0.558813383,0.105769231,0.276119402,13.113569402478504,-15.088030672289563,0.24197766599099196,44.6539874600976,17062
2019,"Ramon Laureano","OAK",481,0.056133056,0.255717255,0.219512195,0.288018433,0.339583333,0.520737327,0.86032066,0.232718894,0.342372881,75.66600941742881,15.108109256877736,0.35623645534118015,126.36862768241157,17128
2019,"Yoan Moncada","CHW",559,0.07155635,0.275491949,0.259740259,0.315068493,0.367383512,0.547945205,0.915328717,0.232876712,0.405970149,99.14118366908303,28.763083482496643,0.3794252357894568,140.73470642316263,17232
2019,"Michael Chavis","BOS",382,0.081151832,0.332460732,0.244094488,0.253602305,0.321989528,0.443804034,0.765793562,0.190201729,0.346534653,49.17809080056875,1.0842906730624908,0.3231836783258539,96.16294967475876,17321
2019,"Rafael Devers","BOS",702,0.068376068,0.169515669,0.403361344,0.310664605,0.360912981,0.554868624,0.915781605,0.244204019,0.339357429,122.9865167224679,34.604716488150125,0.37692636320158107,132.47805584338127,17350
2019,"Eloy Jimenez","CHW",504,0.059523809,0.265873015,0.223880597,0.267094017,0.31547619,0.512820512,0.828296702,0.245726495,0.308196721,73.64585613126334,10.1922559630352,0.3432946926544583,116.32050916242866,17484
2019,"Alex Bregman","HOU",690,0.172463768,0.120289855,1.433734939,0.29602888,0.423188405,0.592057761,1.015246166,0.296028881,0.280821917,145.63959022343005,58.7685899931177,0.4184311730570571,168.30596927749815,17678
2019,"Kevin Newman","PIT",531,0.052730696,0.116760828,0.451612903,0.30831643,0.353497164,0.446247464,0.799744628,0.137931034,0.333333333,75.83470559776592,8.981805420525545,0.3394680118198865,109.90383779937676,17696
2019,"Matt Beaty","LAD",268,0.063432835,0.123134328,0.515151515,0.26506024,0.317164179,0.457831325,0.774995504,0.192771085,0.275362318,34.59168758899762,0.8504874995429758,0.32357122754692136,102.0230807298321,17710
2019,"Christin Stewart","DET",416,0.081730769,0.247596153,0.330097087,0.23306233,0.305288461,0.387533875,0.692822336,0.154471545,0.290076335,42.91567029042827,-9.458729848426719,0.2935963003167806,79.53382627267148,17714
2019,"Steven Duggar","SFG",281,0.056939501,0.277580071,0.205128205,0.233716475,0.277580071,0.340996168,0.618576239,0.107279693,0.313186813,22.136327096268015,-13.241572997525852,0.26538567271521085,63.823961500605066,17719
2019,"Richie Martin","BAL",309,0.045307443,0.268608414,0.168674698,0.208480565,0.259868421,0.32155477,0.581423191,0.113074205,0.271794871,20.637275258453784,-18.265824844686094,0.2515154147618695,50.46384123645039,17736
2019,"Willie Calhoun","TEX",337,0.068249258,0.157270029,0.433962264,0.268608414,0.323442136,0.524271844,0.84771398,0.25566343,0.261603375,51.411677214760424,8.983377102274543,0.3507380750837241,110.24634151371295,17838
2019,"Andrew Benintendi","BOS",615,0.095934959,0.227642276,0.421428571,0.266173752,0.343137254,0.430683918,0.773821172,0.164510166,0.333333333,82.5837138637927,5.155213658514308,0.3295972651623665,100.49675040369905,17901
2019,"Isan Diaz","MIA",201,0.094527363,0.293532338,0.322033898,0.173184357,0.258706467,0.307262569,0.565969036,0.134078212,0.224137931,12.871992791296682,-12.433907275794306,0.24833692780774624,52.978627486799176,17922
2019,"Scott Kingery","PHI",500,0.068,0.294,0.231292517,0.257641921,0.314629258,0.473799126,0.788428384,0.216157205,0.336734693,66.80843147982947,3.8584313129364642,0.3288272667122653,100.93623313444165,17975
2019,"Ty France","SDP",201,0.044776119,0.243781094,0.183673469,0.233695652,0.293532338,0.402173913,0.695706251,0.168478261,0.279069767,21.21364093538022,-4.092259131710768,0.2963470991571151,82.77727403658108,17982
2019,"David Fletcher","LAA",653,0.084226646,0.098009188,0.859375,0.290268456,0.349693251,0.384228187,0.733921438,0.093959731,0.316888045,80.96407731500524,-1.2486229029570293,0.31768795288526097,99.28178910967263,17992
2019,"Paul DeJong","STL",664,0.093373493,0.22439759,0.416107382,0.233276157,0.318250377,0.444253859,0.762504236,0.210977702,0.259168704,84.86956471396293,1.271964492329017,0.32211608054774765,100.16700698709242,18015
2019,"Harrison Bader","STL",406,0.113300492,0.288177339,0.393162393,0.204610951,0.313580246,0.365994236,0.679574482,0.161383285,0.268181818,41.771136898267216,-9.344263237249901,0.29327458544562285,81.28848326788687,18030
2019,"Dylan Moore","SEA",282,0.088652482,0.329787234,0.268817204,0.206477732,0.302491103,0.388663967,0.69115507,0.182186235,0.289655172,30.294981070756098,-5.208819023371558,0.29853182246252313,87.80786092554817,18042
2019,"Brian Anderson","MIA",520,0.084615384,0.219230769,0.385964912,0.261437908,0.342307692,0.468409586,0.810717278,0.206971678,0.304878048,75.50389277522191,10.03589260165319,0.3422269924527648,114.43542111426066,18289
2019,"Dansby Swanson","ATL",545,0.093577981,0.227522935,0.411290322,0.250517598,0.325367647,0.422360248,0.747727895,0.17184265,0.299711815,67.26657271418492,-1.3489274677284564,0.3170366883277893,92.46718023941362,18314
2019,"Austin Riley","ATL",296,0.054054054,0.364864864,0.148148148,0.226277372,0.279461279,0.470802919,0.750264198,0.244525547,0.293333333,33.93389587367209,-3.33250422512857,0.30687564449245425,85.81615516675268,18360
2019,"Victor Robles","WSN",617,0.056726094,0.226904376,0.25,0.254578754,0.325695581,0.419413919,0.7451095,0.164835165,0.30964467,75.98409791495287,-1.6962022909931012,0.3167196925925581,91.24576508115864,18363
2019,"Ronald Acuna Jr.","ATL",715,0.106293706,0.262937062,0.404255319,0.279552715,0.365168539,0.517571884,0.882740423,0.238019169,0.336683417,120.29972291445205,30.28122267579504,0.3688942219241191,126.41110979477455,18401
2019,"Luis Arraez","MIN",366,0.098360655,0.079234972,1.24137931,0.334355828,0.398907103,0.438650306,0.837557409,0.104294478,0.354729729,58.89380879521922,12.814408673053535,0.36040372783190583,124.86808621779187,18568
2019,"Guillermo Heredia","TBR",231,0.077922077,0.259740259,0.3,0.225490196,0.305676855,0.362745098,0.668421953,0.137254902,0.292857142,23.281703055831027,-5.8011970212735395,0.29084753469608754,82.27110536505529,18721
2019,"Josh Naylor","SDP",279,0.089605734,0.229390681,0.390625,0.249011857,0.315412186,0.403162055,0.718574241,0.154150198,0.302197802,31.817021177125365,-3.3090789160009306,0.30617917656040883,89.2129704458657,18839
2019,"Brandon Lowe","TBR",327,0.076452599,0.345565749,0.221238938,0.27027027,0.336391437,0.513513513,0.84990495,0.243243243,0.377245508,50.87021224976097,9.700912140612946,0.3542196098088489,125.09300086892614,18882
2019,"Will Smith","LAD",196,0.091836734,0.265306122,0.346153846,0.252941176,0.336734693,0.570588235,0.907322928,0.317647059,0.264150943,32.94458117272812,8.268181107306061,0.368701302088224,131.5634765956043,19197
2019,"Yuli Gurriel","HOU",612,0.060457516,0.10620915,0.569230769,0.29787234,0.343137254,0.540780141,0.883917395,0.242907801,0.289029535,100.53651247921174,23.485712274934706,0.36429456648279407,131.724681612035,19198
2019,"Lourdes Gurriel Jr.","TOR",343,0.058309037,0.250728862,0.232558139,0.277070063,0.32748538,0.541401273,0.868886653,0.26433121,0.317535545,54.42246519182065,11.238765077332053,0.3578054789911237,124.29258325040078,19238
2019,"Pete Alonso","NYM",693,0.103896103,0.264069264,0.393442622,0.25963149,0.357864357,0.582914572,0.940778929,0.323283082,0.28021978,125.71803042554443,38.46933019423073,0.3841183107492705,142.92016177773831,19251
2019,"Cavan Biggio","TOR",430,0.165116279,0.286046511,0.577235772,0.234463276,0.363636363,0.429378531,0.793014894,0.194915255,0.30875576,62.56535426583983,8.428354122311848,0.34257523941271234,114.00117766576155,19252
2019,"Garrett Hampson","COL",327,0.073394495,0.269113149,0.272727272,0.247491638,0.301538461,0.384615384,0.686153845,0.137123746,0.321951219,33.23107803038923,-7.9382220787587965,0.29181639574192186,62.84606511010676,19262
2019,"Nick Senzel","CIN",414,0.072463768,0.243961352,0.297029702,0.256,0.315403422,0.426666666,0.742070088,0.170666666,0.319391634,50.30953096883254,-1.8130691693548662,0.3148336993452972,89.82569692898484,19293
2019,"Bryan Reynolds","PIT",546,0.084249084,0.221611721,0.380165289,0.313645621,0.377289377,0.503054989,0.880344366,0.189409368,0.386554621,92.87677069058516,24.135370508338006,0.37103742142736695,130.5679485178335,19326
2019,"Nicky Lopez","KCR",402,0.044776119,0.126865671,0.352941176,0.24010554,0.276381909,0.324538258,0.600920167,0.084432718,0.273006134,29.7034042329374,-20.908395901244575,0.25973110103127944,55.85928327934817,19339
2019,"Tommy Edman","STL",349,0.045845272,0.1747851,0.262295081,0.303680981,0.3495702,0.5,0.8495702,0.196319019,0.346456692,55.01272944534008,11.073629328848758,0.35660642368404094,122.74304746892173,19470
2019,"Yordan Alvarez","HOU",369,0.140921409,0.254742547,0.553191489,0.313099041,0.411924119,0.654952076,1.066876195,0.341853035,0.365979381,82.23621001076025,35.77910988759321,0.43207101136037745,177.52270597856378,19556
2019,"Vladimir Guerrero Jr.","TOR",514,0.089494163,0.177042801,0.505494505,0.271551724,0.3385214,0.433189655,0.771711055,0.161637931,0.308333333,68.79741881512555,4.084818643559551,0.3290936378653411,104.89136499734066,19611
2019,"Bo Bichette","TOR",212,0.066037735,0.235849056,0.28,0.311224489,0.358490566,0.571428571,0.929919137,0.260204082,0.367647058,38.470159472764,11.779359402001369,0.38417813969108294,142.11316619080824,19612
2019,"Fernando Tatis Jr.","SDP",372,0.080645161,0.295698924,0.272727272,0.317365269,0.379032258,0.589820359,0.968852617,0.27245509,0.409756097,72.07181325522157,25.237013131053168,0.3983824394462565,149.56564908527452,19709
2019,"Shohei Ohtani","LAA",425,0.077647058,0.258823529,0.3,0.286458333,0.342789598,0.505208333,0.847997931,0.21875,0.353846153,65.42029219886692,11.912792057007866,0.3523266555573703,122.68791718067884,19755
2019,"Luis Rengifo","LAA",406,0.098522167,0.229064039,0.430107526,0.238095238,0.320987654,0.364145658,0.685133312,0.12605042,0.3,43.55913387952454,-7.556266255992584,0.29836928049723305,86.22774016458676,19858
2019,"Adam Haseley","PHI",242,0.057851239,0.247933884,0.233333333,0.265765765,0.323651452,0.396396396,0.720047848,0.130630631,0.343949044,28.122587008383736,-2.3452130723924776,0.30868900517622627,87.75450844487554,19878
2019,"Keston Hiura","MIL",348,0.07183908,0.307471264,0.233644859,0.30254777,0.367816091,0.570063694,0.937879785,0.267515924,0.402116402,64.23596061623337,20.42276050007584,0.38779107500565496,138.85124182341485,20003
2019,"Juan Soto","WSN",659,0.163884673,0.20030349,0.818181818,0.282287822,0.40060698,0.547970479,0.948577459,0.265682657,0.311518324,125.18393668578199,42.21583646581701,0.39400840496144646,141.83595759775324,20123