Season,Name,Tm,G,PA,AB,H,1B,2B,3B,HR,R,RBI,BB,IBB,SO,HBP,SF,SH,GDP,SB,CS,AVG,playerId
2019,"Todd Frazier","NYM",130,499,447,112,70,19,2,21,63,67,40,1,106,12,0,0,9,1,2,0.250559284,785
2019,"Albert Pujols","LAA",131,545,491,120,75,22,0,23,55,93,43,1,68,3,8,0,21,3,0,0.244399185,1177
2019,"Wilson Ramos","NYM",141,524,473,136,103,19,0,14,52,73,44,5,69,4,3,0,16,1,0,0.287526427,1433
2019,"Miguel Cabrera","DET",136,549,493,139,106,21,0,12,41,59,48,4,108,3,5,0,18,0,0,0.281947261,1744
2019,"David Peralta","ARI",99,423,382,105,61,29,3,12,48,57,35,3,87,5,1,0,9,0,0,0.274869109,2136
2019,"Edwin Encarnacion","2 Tms",109,486,418,102,50,18,0,34,81,86,58,1,103,7,3,0,4,0,1,0.244019138,2151
2019,"Carlos Santana","CLE",158,686,573,161,96,30,1,34,110,93,108,12,108,3,2,0,13,4,0,0.280977312,2396
2019,"Nelson Cruz","MIN",120,521,454,141,74,26,0,41,81,108,56,8,131,7,3,0,14,0,1,0.310572687,2434
2019,"Yonder Alonso","2 Tms",120,335,292,58,35,13,0,10,34,37,39,3,70,2,2,0,13,0,1,0.198630136,2530
2019,"Roberto Perez","CLE",117,449,389,93,59,9,1,24,46,63,45,1,127,4,4,7,12,0,0,0.23907455,2900
2019,"Tommy Pham","TBR",145,654,567,155,99,33,2,21,77,68,81,4,123,5,1,0,22,25,4,0.273368606,2967
2019,"Mitch Moreland","BOS",91,335,298,75,38,17,1,19,48,58,34,0,74,1,2,0,12,1,0,0.251677852,3086
2019,"Robinson Chirinos","HOU",111,437,366,87,47,22,1,17,57,58,51,1,125,13,5,2,11,1,2,0.237704918,3142
2019,"Shin-Soo Choo","TEX",150,660,563,149,92,31,2,24,93,61,78,3,165,18,1,0,6,15,1,0.264653641,3174
2019,"Welington Castillo","CHW",71,251,230,48,24,12,0,12,19,41,16,0,74,3,2,0,8,0,0,0.208695652,3256
2019,"Robinson Cano","NYM",105,423,390,100,59,28,0,13,46,39,25,3,69,5,3,0,16,0,0,0.256410256,3269
2019,"Martin Prado","MIA",104,260,245,57,46,9,0,2,26,15,12,0,41,0,3,0,10,0,0,0.232653061,3312
2019,"Matt Joyce","ATL",127,238,200,59,42,10,0,7,32,23,38,0,45,0,0,0,3,0,0,0.295,3353
2019,"Ryan Braun","MIL",144,508,459,131,76,31,2,22,70,75,34,1,105,8,3,0,15,11,1,0.28540305,3410
2019,"Jeff Mathis","TEX",75,244,228,36,25,9,0,2,17,12,15,1,87,0,1,0,2,1,0,0.157894736,3448
2019,"Anthony Rizzo","CHC",146,613,512,150,91,29,3,27,89,94,71,3,86,27,3,0,15,5,2,0.29296875,3473
2019,"Eric Hosmer","SDP",160,667,619,164,111,29,2,22,72,99,40,3,163,3,5,0,12,0,3,0.264943457,3516
2019,"Eric Thames","MIL",149,459,396,98,48,23,2,25,67,61,51,4,140,10,2,0,0,3,2,0.247474747,3711
2019,"Josh Reddick","HOU",140,550,501,138,102,19,3,14,57,56,36,1,66,0,9,1,9,5,2,0.275449101,3892
2019,"Melky Cabrera","PIT",133,397,378,106,76,22,1,7,43,47,17,3,41,1,0,1,14,2,0,0.28042328,4022
2019,"Dexter Fowler","STL",149,574,487,116,72,24,1,19,69,67,74,1,142,8,4,1,6,8,5,0.238193018,4062
2019,"Michael Brantley","HOU",148,637,575,179,115,40,2,22,88,90,51,3,66,7,4,0,21,3,2,0.311304347,4106
2019,"Ryan Zimmerman","WSN",52,190,171,44,29,9,0,6,20,27,17,0,39,0,2,0,4,0,0,0.257309941,4220
2019,"Howie Kendrick","WSN",121,370,334,115,74,23,1,17,61,62,27,1,49,4,5,0,11,2,1,0.344311377,4229
2019,"Joey Votto","CIN",142,608,525,137,89,32,1,15,79,47,76,2,123,4,3,0,14,5,0,0.26095238,4314
2019,"Daniel Murphy","COL",132,478,438,122,73,35,1,13,56,78,32,1,74,2,4,0,10,1,1,0.278538812,4316
2019,"Starlin Castro","MIA",162,676,636,172,115,31,4,22,68,86,28,2,111,3,9,0,23,2,2,0.270440251,4579
2019,"Russell Martin","LAD",81,249,209,46,35,5,0,6,29,20,30,3,60,8,2,0,1,1,0,0.220095693,4616
2019,"Curtis Granderson","MIA",135,363,317,58,28,17,1,12,44,34,41,1,98,3,2,0,3,0,3,0.182965299,4747
2019,"Brian McCann","ATL",85,316,277,69,48,9,0,12,28,45,31,1,53,2,6,0,10,0,0,0.249097472,4810
2019,"Jarrod Dyson","ARI",122,452,400,92,72,11,2,7,65,27,47,0,86,2,2,1,1,30,4,0.23,4866
2019,"Mike Moustakas","MIL",141,584,523,133,67,30,1,35,80,87,53,5,98,6,2,0,12,3,0,0.254302103,4892
2019,"Ender Inciarte","ATL",63,230,199,49,31,11,2,5,30,24,26,2,41,4,1,0,1,7,1,0.246231155,4922
2019,"Jason Heyward","CHC",146,589,513,129,84,20,4,21,78,62,68,5,110,5,3,0,12,8,3,0.251461988,4940
2019,"Asdrubal Cabrera","2 Tms",131,514,447,116,72,25,1,18,69,91,57,2,103,3,7,0,9,4,0,0.259507829,4962
2019,"Stephen Vogt","SFG",98,280,255,67,31,24,2,10,30,40,20,1,66,1,4,0,1,3,1,0.262745098,5000
2019,"Josh Donaldson","ATL",155,659,549,142,72,33,0,37,96,94,100,2,155,8,2,0,13,4,2,0.258652094,5038
2019,"Alex Gordon","KCR",150,633,556,148,103,31,1,13,77,76,51,4,100,19,6,1,13,5,3,0.26618705,5209
2019,"Justin Upton","LAA",63,256,219,47,27,8,0,12,34,40,32,0,78,0,5,0,5,1,1,0.214611872,5222
2019,"Cameron Maybin","NYY",79,269,239,68,40,17,0,11,48,32,30,0,72,0,0,0,5,9,6,0.284518828,5223
2019,"Justin Turner","LAD",135,549,479,139,88,24,0,27,80,67,51,1,88,14,5,0,11,2,0,0.290187891,5235
2019,"Robbie Grossman","OAK",134,482,420,101,71,21,3,6,57,38,59,2,86,1,2,0,7,9,4,0.24047619,5254
2019,"Sandy Leon","BOS",60,191,172,33,25,3,0,5,14,19,13,0,47,1,1,4,0,0,0,0.191860465,5273
2019,"Aaron Hicks","NYY",58,255,221,52,30,10,0,12,41,36,31,0,72,0,3,0,2,1,2,0.235294117,5297
2019,"Brandon Crawford","SFG",146,560,500,114,77,24,2,11,58,59,53,5,117,3,4,0,10,3,2,0.228,5343
2019,"Freddie Freeman","ATL",158,692,597,176,102,34,2,38,113,121,87,11,127,6,2,0,17,6,3,0.29480737,5361
2019,"Juan Lagares","NYM",106,285,258,55,37,12,1,5,38,27,22,4,75,2,1,2,8,4,1,0.213178294,5384
2019,"Pablo Sandoval","SFG",108,296,272,73,36,23,0,14,42,41,18,2,67,1,3,2,8,1,0,0.268382352,5409
2019,"Jose Altuve","HOU",124,548,500,149,88,27,3,31,89,74,41,0,82,3,3,1,19,6,5,0.298,5417
2019,"Ji-Man Choi","TBR",126,487,410,107,66,20,2,19,54,63,64,2,108,6,7,0,7,2,3,0.260975609,5452
2019,"Austin Romine","NYY",69,240,228,64,44,12,0,8,29,35,10,0,50,0,1,1,7,1,1,0.280701754,5491
2019,"Marwin Gonzalez","MIN",114,463,425,112,78,19,0,15,52,55,31,2,98,6,1,0,7,1,0,0.263529411,5497
2019,"Hernan Perez","MIL",86,246,232,53,34,11,0,8,29,18,11,0,66,0,1,2,9,5,1,0.228448275,5751
2019,"Avisail Garcia","TBR",125,530,489,138,91,25,2,20,61,72,31,2,125,7,3,0,15,10,4,0.282208588,5760
2019,"Wilmer Flores","ARI",89,285,265,84,57,18,0,9,31,37,15,0,31,4,1,0,9,0,0,0.316981132,5827
2019,"Leury Garcia","CHW",138,618,577,161,123,27,3,8,93,40,21,0,139,6,3,11,6,15,5,0.279029462,5913
2019,"Nick Markakis","ATL",116,469,414,118,82,25,2,9,61,62,47,1,59,2,6,0,11,2,0,0.285024154,5930
2019,"Jean Segura","PHI",144,618,576,161,108,37,4,12,79,60,30,1,73,8,3,1,11,10,2,0.279513888,5933
2019,"Didi Gregorius","NYY",81,344,324,77,45,14,2,16,47,61,17,1,53,1,2,0,5,2,1,0.23765432,6012
2019,"Eduardo Escobar","ARI",158,699,636,171,97,29,10,35,94,118,50,3,130,3,10,0,8,5,1,0.268867924,6153
2019,"J.D. Martinez","BOS",146,656,575,175,104,33,2,36,98,105,72,9,138,4,5,0,19,2,0,0.304347826,6184
2019,"Ian Kinsler","SDP",87,281,258,56,35,12,0,9,28,22,19,0,54,3,1,0,5,2,4,0.217054263,6195
2019,"Adam Jones","ARI",134,528,485,126,84,25,1,16,66,67,31,2,101,8,3,0,15,2,1,0.259793814,6368
2019,"Jordy Mercer","DET",73,271,256,69,44,16,0,9,24,22,13,1,57,2,0,0,4,0,0,0.26953125,6547
2019,"Freddy Galvis","2 Tms",147,589,557,145,93,28,1,23,67,70,28,1,145,1,2,1,14,4,2,0.260323159,6609
2019,"Ian Desmond","COL",139,482,443,113,58,31,4,20,64,65,34,1,119,2,2,1,12,3,3,0.255079006,6885
2019,"Martin Maldonado","3 Tms",101,374,333,71,40,19,0,12,46,27,32,1,86,6,1,2,11,0,0,0.213213213,6887
2019,"Yadier Molina","STL",112,452,419,113,79,24,0,10,45,57,23,0,58,5,5,0,14,6,0,0.269689737,7007
2019,"Logan Forsythe","TEX",99,367,317,72,47,17,1,7,38,39,44,0,100,3,2,0,8,2,0,0.227129337,7185
2019,"Alex Avila","ARI",62,201,164,34,17,8,0,9,22,24,36,7,68,1,0,0,8,1,0,0.207317073,7476
2019,"Neil Walker","MIA",115,381,337,88,60,19,1,8,37,38,42,1,77,1,1,0,8,3,0,0.261127596,7539
2019,"Travis d'Arnaud","3 Tms",102,391,351,88,56,16,0,16,52,69,32,0,85,2,6,0,4,0,1,0.25071225,7739
2019,"Miguel Rojas","MIA",130,526,483,137,102,29,1,5,52,46,32,2,62,5,5,1,15,9,5,0.283643892,7802
2019,"Charlie Blackmon","COL",140,634,580,182,101,42,7,32,112,86,40,1,104,9,5,0,11,2,5,0.313793103,7859
2019,"Jonathan Lucroy","2 Tms",94,328,293,68,49,10,1,8,30,36,27,1,51,5,3,0,17,0,0,0.232081911,7870
2019,"Eric Sogard","2 Tms",110,442,396,115,77,23,2,13,59,40,38,2,63,2,3,3,4,8,0,0.29040404,7927
2019,"Tim Beckham","SEA",86,328,304,72,35,21,1,15,39,47,21,0,102,3,0,0,7,1,3,0.236842105,7949
2019,"Jose Martinez","STL",128,373,334,90,65,13,2,10,45,42,35,0,82,2,2,0,14,3,0,0.269461077,7996
2019,"Matt Carpenter","STL",129,492,416,94,57,20,2,15,59,46,63,0,129,7,5,1,3,6,1,0.225961538,8090
2019,"Dee Gordon","SEA",113,421,393,108,87,12,6,3,36,34,18,1,61,1,6,3,8,22,5,0.27480916,8203
2019,"Hunter Pence","TEX",83,316,286,85,49,17,1,18,53,59,26,0,69,2,2,0,2,6,1,0.297202797,8252
2019,"Kurt Suzuki","WSN",84,309,280,74,46,11,0,17,37,63,20,1,36,6,3,0,10,0,1,0.264285714,8259
2019,"Daniel Descalso","CHC",79,194,168,29,21,5,1,2,20,15,23,0,57,0,1,1,3,2,1,0.172619047,8392
2019,"Ehire Adrianza","MIN",76,236,202,55,39,8,3,5,34,22,20,1,40,6,4,2,2,0,2,0.272277227,8418
2019,"Gerardo Parra","2 Tms",119,301,274,64,40,14,1,9,38,48,19,3,59,5,2,1,7,8,3,0.233576642,8553
2019,"Kendrys Morales","2 Tms",53,201,170,33,28,2,1,2,16,12,26,0,26,4,1,0,6,0,0,0.194117647,8610
2019,"Donovan Solano","SFG",81,228,215,71,53,13,1,4,27,23,10,0,49,1,2,0,4,0,1,0.330232558,8623
2019,"Elvis Andrus","TEX",147,648,600,165,122,27,4,12,81,72,34,1,96,4,10,0,16,31,8,0.275,8709
2019,"Jason Castro","MIN",75,275,237,55,33,9,0,13,39,30,33,0,88,3,1,1,0,0,0,0.23206751,8722
2019,"Gordon Beckham","DET",75,240,223,48,27,13,2,6,29,15,13,0,68,4,0,0,6,3,1,0.215246636,9015
2019,"Justin Smoak","TOR",121,500,414,86,48,16,0,22,54,61,79,3,106,6,1,0,11,0,0,0.207729468,9054
2019,"Lorenzo Cain","MIL",145,623,562,146,105,30,0,11,75,48,50,0,106,6,4,0,14,18,8,0.259786476,9077
2019,"Khris Davis","OAK",133,533,481,106,72,11,0,23,61,73,47,3,146,3,2,0,11,0,0,0.22037422,9112
2019,"Tyler Flowers","ATL",82,310,271,62,37,11,3,11,36,34,31,3,105,6,2,0,8,0,0,0.228782287,9134
2019,"Buster Posey","SFG",113,445,405,104,73,24,0,7,43,38,34,1,71,4,1,1,18,0,0,0.256790123,9166
2019,"Paul Goldschmidt","STL",160,682,597,155,95,25,1,34,97,97,78,2,166,2,3,0,11,3,1,0.25963149,9218
2019,"Starling Marte","PIT",131,586,539,159,99,31,6,23,97,82,25,1,94,16,4,2,15,25,6,0.294990723,9241
2019,"Keon Broxton","3 Tms",79,228,204,34,24,4,0,6,24,16,20,0,104,1,2,1,5,10,6,0.166666666,9253
2019,"A.J. Pollock","LAD",86,342,308,82,51,15,1,15,49,47,23,1,74,7,4,0,7,5,1,0.266233766,9256
2019,"Chris Davis","BAL",100,352,307,55,34,9,0,12,26,36,39,1,139,3,3,0,6,0,0,0.179153094,9272
2019,"Josh Phegley","OAK",103,342,314,75,45,18,0,12,44,62,15,0,63,6,5,2,11,0,1,0.238853503,9308
2019,"Brock Holt","BOS",86,295,259,77,58,14,2,3,38,31,28,1,57,4,4,0,4,1,0,0.297297297,9345
2019,"Evan Longoria","SFG",129,508,453,115,74,19,2,20,59,69,43,1,112,7,5,0,14,3,1,0.253863134,9368
2019,"Matt Adams","WSN",111,333,310,70,36,14,0,20,42,56,20,1,115,2,1,0,7,0,0,0.225806451,9393
2019,"Yan Gomes","WSN",97,358,314,70,42,16,0,12,36,43,38,6,84,5,1,0,7,2,0,0.222929936,9627
2019,"Christian Vazquez","BOS",135,521,482,133,83,26,1,23,66,72,33,3,101,0,3,3,17,4,2,0.275933609,9774
2019,"Jason Kipnis","CLE",121,511,458,112,71,23,1,17,52,65,40,2,88,2,6,5,7,7,2,0.244541484,9776
2019,"Nolan Arenado","COL",155,662,588,185,111,31,2,41,102,118,62,11,93,4,8,0,14,3,2,0.31462585,9777
2019,"Kyle Seager","SEA",106,443,393,94,51,19,1,23,55,63,44,0,86,4,2,0,12,2,2,0.23918575,9785
2019,"Brian Dozier","WSN",134,482,416,99,59,20,0,20,54,50,61,2,105,4,1,0,11,3,4,0.237980769,9810
2019,"Andrew McCutchen","PHI",59,262,219,56,33,12,1,10,45,29,43,0,55,0,0,0,1,2,1,0.255707762,9847
2019,"DJ LeMahieu","NYY",145,655,602,197,136,33,2,26,109,102,46,0,90,2,4,1,14,5,2,0.327242524,9874
2019,"Jay Bruce","2 Tms",98,333,310,67,24,17,0,26,43,59,19,0,82,1,3,0,5,1,0,0.216129032,9892
2019,"Brett Gardner","NYY",139,549,491,123,62,26,7,28,86,74,52,0,108,4,3,0,6,10,2,0.250509164,9927
2019,"Chris Owings","2 Tms",62,196,180,25,15,6,1,3,13,14,14,0,78,2,0,0,2,5,2,0.138888888,10030
2019,"Wil Myers","SDP",149,490,435,104,63,22,1,18,58,53,51,0,168,2,1,1,12,16,7,0.239080459,10047
2019,"Jonathan Villar","BAL",162,714,642,176,114,33,5,24,111,73,61,0,176,4,4,2,8,40,9,0.274143302,10071
2019,"Mike Trout","LAA",134,600,470,137,63,27,2,45,110,104,110,14,120,16,4,0,5,11,2,0.291489361,10155
2019,"Billy Hamilton","2 Tms",110,352,316,69,53,14,2,0,41,15,32,1,87,0,2,3,1,22,6,0.21835443,10199
2019,"Tucker Barnhart","CIN",114,364,316,73,48,14,0,11,32,40,44,7,83,2,1,1,5,1,0,0.231012658,10200
2019,"Jose Iglesias","CIN",144,530,504,145,110,21,3,11,62,59,20,3,70,3,2,1,17,6,6,0.287698412,10231
2019,"Randal Grichuk","TOR",150,628,586,136,71,29,5,31,75,80,35,0,163,5,2,0,20,2,1,0.232081911,10243
2019,"Brandon Belt","SFG",155,616,526,123,71,32,3,17,76,57,83,3,127,3,4,0,6,4,3,0.233840304,10264
2019,"Danny Santana","TEX",129,511,474,134,77,23,6,28,81,81,25,2,151,6,5,0,8,21,6,0.282700421,10322
2019,"Marcell Ozuna","STL",130,549,485,118,65,23,1,29,80,89,62,2,114,1,1,0,21,12,2,0.243298969,10324
2019,"Domingo Santana","SEA",121,507,451,114,72,20,1,21,63,69,50,1,164,2,2,0,11,8,3,0.252771618,10348
2019,"Adeiny Hechavarria","2 Tms",81,221,203,49,27,12,1,9,34,33,14,0,48,3,1,0,3,3,1,0.24137931,10459
2019,"Enrique Hernandez","LAD",130,460,414,98,61,19,1,17,57,64,36,3,97,6,4,0,9,4,0,0.236714975,10472
2019,"Cheslor Cuthbert","KCR",87,330,309,76,53,14,0,9,24,40,19,1,67,2,0,0,14,1,0,0.245954692,10473
2019,"Derek Dietrich","CIN",111,306,251,47,18,8,2,19,41,43,28,2,74,25,1,0,2,1,1,0.187250996,10542
2019,"Cesar Hernandez","PHI",161,667,612,171,123,31,3,14,77,71,45,4,100,6,4,0,9,9,2,0.279411764,10556
2019,"Gio Urshela","NYY",129,476,442,139,84,34,0,21,73,74,25,1,87,5,4,0,13,1,1,0.314479638,10681
2019,"Corey Dickerson","2 Tms",77,279,260,79,37,28,2,12,33,59,16,4,56,0,3,0,4,1,0,0.303846153,10762
2019,"Jurickson Profar","OAK",136,518,459,100,54,24,2,20,65,67,48,2,75,8,3,0,12,9,1,0.217864923,10815
2019,"Andrelton Simmons","LAA",103,424,398,105,79,19,0,7,47,40,24,1,37,2,0,0,21,10,2,0.263819095,10847
2019,"Greg Garcia","SDP",132,372,311,77,56,13,4,4,52,31,53,1,83,5,2,1,4,0,2,0.247588424,10951
2019,"Kevin Kiermaier","TBR",128,480,447,102,61,20,7,14,60,55,26,2,104,5,1,1,8,19,5,0.228187919,11038
2019,"Kole Calhoun","LAA",151,632,552,128,65,29,1,33,92,74,70,7,162,7,2,0,14,4,1,0.231884057,11200
2019,"Adam Eaton","WSN",151,656,566,158,111,25,7,15,103,51,65,0,106,13,3,9,8,15,3,0.279151943,11205
2019,"Mike Freeman","CLE",71,213,177,49,37,8,0,4,27,24,22,0,61,4,4,6,2,1,2,0.276836158,11241
2019,"Jonathan Schoop","MIN",120,464,433,111,64,23,1,23,61,59,20,1,116,10,1,0,13,1,1,0.256351039,11265
2019,"Whit Merrifield","KCR",162,735,681,206,139,41,10,16,105,74,45,5,126,5,4,0,8,20,10,0.302496328,11281
2019,"Jake Marisnick","HOU",106,318,292,68,39,16,3,10,46,34,17,0,95,6,0,3,6,10,3,0.232876712,11339
2019,"Jesus Aguilar","2 Tms",131,369,314,74,50,12,0,12,39,50,43,0,81,2,7,0,12,0,0,0.235668789,11342
2019,"Yasmani Grandal","MIL",153,632,513,126,70,26,2,28,79,77,109,2,139,5,5,0,16,5,1,0.245614035,11368
2019,"Delino DeShields","TEX",107,408,357,89,66,15,4,4,42,32,38,0,100,3,2,8,8,24,6,0.249299719,11379
2019,"Gary Sanchez","NYY",106,446,396,92,45,12,1,34,62,77,40,3,125,9,1,0,3,0,1,0.232323232,11442
2019,"Mark Canha","OAK",126,497,410,112,67,16,3,26,80,58,67,1,107,18,2,0,10,3,2,0.273170731,11445
2019,"Tony Wolters","COL",117,411,359,94,74,17,2,1,42,42,36,5,68,8,6,2,9,0,1,0.26183844,11470
2019,"Christian Yelich","MIL",130,580,489,161,85,29,3,44,100,97,80,16,118,8,3,0,8,30,2,0.329243353,11477
2019,"Manny Machado","SDP",156,661,587,150,95,21,2,32,81,85,65,3,128,6,3,0,24,5,3,0.255536626,11493
2019,"Bryce Harper","PHI",157,682,573,149,77,36,1,35,98,114,99,11,178,6,4,0,10,15,3,0.260034904,11579
2019,"Yolmer Sanchez","CHW",147,555,496,125,99,20,4,2,59,43,44,1,117,5,3,7,7,5,4,0.252016129,11602
2019,"Willson Contreras","CHC",101,409,360,98,54,18,2,24,57,64,38,2,102,9,2,0,4,1,2,0.272222222,11609
2019,"Brandon Drury","TOR",120,447,418,91,54,21,1,15,43,41,25,0,113,1,3,0,6,0,1,0.217703349,11615
2019,"Elias Diaz","PIT",98,332,303,73,57,14,0,2,31,28,23,0,56,2,3,1,11,0,0,0.240924092,11680
2019,"Nicholas Castellanos","2 Tms",151,664,615,178,90,58,3,27,100,73,41,1,143,5,3,0,12,2,2,0.289430894,11737
2019,"J.T. Realmuto","PHI",145,593,538,148,84,36,3,25,92,83,41,2,123,5,8,0,12,9,1,0.275092936,11739
2019,"Leonys Martin","CLE",65,264,236,47,31,7,0,9,32,19,21,0,78,4,0,3,1,4,5,0.199152542,11846
2019,"Ronny Rodriguez","DET",84,294,276,61,32,12,3,14,29,43,13,0,82,0,5,0,5,3,1,0.221014492,11875
2019,"Joc Pederson","LAD",149,514,450,112,57,16,3,36,83,74,50,2,111,12,2,0,4,1,1,0.248888888,11899
2019,"Hanser Alberto","BAL",135,550,524,160,125,21,2,12,62,51,16,1,50,4,3,3,9,4,4,0.305343511,11902
2019,"Joe Panik","2 Tms",140,491,438,107,79,21,2,5,50,39,43,2,47,4,4,2,6,4,2,0.244292237,11936
2019,"Travis Shaw","MIL",84,270,230,36,24,5,0,7,22,16,36,3,89,4,0,0,5,0,0,0.156521739,11982
2019,"Jon Berti","MIA",72,287,256,70,49,14,1,6,52,24,24,0,73,6,1,0,2,17,3,0.2734375,12037
2019,"Niko Goodrum","DET",112,472,423,105,61,27,5,12,61,45,46,1,138,1,2,0,7,12,3,0.24822695,12092
2019,"Max Kepler","MIN",132,596,524,132,64,32,0,36,98,90,60,0,99,8,4,0,5,1,5,0.251908396,12144
2019,"Nick Ahmed","ARI",157,625,556,141,83,33,6,19,79,82,52,2,113,4,12,1,15,8,2,0.253597122,12147
2019,"Eddie Rosario","MIN",136,590,562,155,94,28,1,32,91,109,22,2,86,0,6,0,10,3,1,0.275800711,12155
2019,"Austin Barnes","LAD",74,242,212,43,25,12,1,5,28,25,23,3,56,5,2,0,8,3,0,0.202830188,12158
2019,"Ben Gamel","MIL",126,356,311,77,52,18,0,7,47,33,40,2,104,3,2,0,0,2,2,0.247588424,12160
2019,"Xander Bogaerts","BOS",155,698,614,190,105,52,0,33,110,117,76,2,122,2,6,0,11,4,2,0.309446254,12161
2019,"Miguel Sano","MIN",104,439,380,94,39,19,2,34,76,79,55,0,159,3,1,0,5,0,1,0.247368421,12164
2019,"Maikel Franco","PHI",122,428,389,91,57,17,0,17,48,56,36,19,61,0,3,0,14,0,0,0.233933161,12179
2019,"Jorge Alfaro","MIA",128,465,431,113,80,14,1,18,44,57,22,1,154,10,2,0,12,4,4,0.262180974,12180
2019,"Rougned Odor","TEX",144,581,522,107,46,30,1,30,77,93,52,2,178,5,1,1,4,11,9,0.204980842,12282
2019,"Kevan Smith","LAA",60,211,191,48,31,12,0,5,21,20,16,0,37,3,1,0,8,2,0,0.2513089,12284
2019,"Tommy La Stella","LAA",79,321,292,86,62,8,0,16,49,44,20,0,28,3,0,0,8,0,0,0.294520547,12371
2019,"Kevin Pillar","2 Tms",160,645,611,158,97,37,3,21,83,88,18,4,89,9,7,0,15,14,5,0.258592471,12434
2019,"Curt Casali","CIN",81,236,207,52,35,9,0,8,24,32,25,1,59,1,3,0,1,0,0,0.251207729,12510
2019,"Kolten Wong","STL",145,549,478,136,96,25,4,11,61,59,47,5,83,13,5,6,2,24,4,0.284518828,12532
2019,"Marcus Semien","OAK",162,747,657,187,104,43,7,33,123,92,87,2,102,2,1,0,11,10,8,0.284627092,12533
2019,"C.J. Cron","MIN",122,499,458,116,67,24,0,25,51,78,29,3,107,10,2,0,13,0,0,0.253275109,12546
2019,"John Hicks","DET",94,333,319,67,39,15,0,13,29,35,13,0,109,0,1,0,7,1,1,0.210031347,12547
2019,"Eugenio Suarez","CIN",158,662,575,156,83,22,2,49,87,103,70,4,189,11,6,0,12,3,2,0.271304347,12552
2019,"Trevor Story","COL",145,656,588,173,95,38,5,35,111,85,58,0,174,7,3,0,3,23,8,0.294217687,12564
2019,"Alex Dickerson","2 Tms",68,190,174,48,26,13,3,6,29,28,13,1,42,2,1,0,5,1,1,0.275862068,12649
2019,"George Springer","HOU",122,556,479,140,78,20,3,39,96,96,67,1,113,6,4,0,12,6,2,0.292275574,12856
2019,"Brian Goodwin","LAA",131,458,413,108,59,29,3,17,65,47,38,2,129,3,3,1,3,7,3,0.26150121,12858
2019,"James McCann","CHW",116,476,439,120,75,26,1,18,62,60,30,1,137,6,0,1,10,4,1,0.273348519,12859
2019,"Anthony Rendon","WSN",146,646,545,174,93,44,3,34,117,126,80,8,86,12,9,0,13,5,1,0.319266055,12861
2019,"Francisco Lindor","CLE",143,654,598,170,96,40,2,32,101,74,46,9,98,3,6,1,13,22,5,0.284280936,12916
2019,"Brandon Nimmo","NYM",68,254,199,44,24,11,1,8,34,29,46,2,71,5,3,1,1,3,0,0.221105527,12927
2019,"Jose Osuna","PIT",95,285,261,69,39,20,0,10,41,36,18,0,48,1,4,0,6,0,0,0.264367816,12937
2019,"Austin Hedges","SDP",102,347,312,55,35,9,0,11,28,36,27,3,109,5,1,2,3,1,0,0.176282051,12976
2019,"Javier Baez","CHC",135,561,531,149,78,38,4,29,89,85,28,3,156,0,2,0,16,11,7,0.280602636,12979
2019,"Jackie Bradley Jr.","BOS",145,567,494,111,59,28,3,21,69,62,56,3,155,12,2,3,6,8,6,0.224696356,12984
2019,"Teoscar Hernandez","TOR",122,464,417,96,49,19,2,26,58,65,45,1,153,1,1,0,8,6,3,0.230215827,13066
2019,"Josh Bell","PIT",143,613,527,146,69,37,3,37,94,116,74,13,118,5,7,0,11,0,1,0.277039848,13145
2019,"Jorge Polanco","MIN",153,704,631,186,117,40,7,22,107,79,60,2,116,4,7,2,11,4,3,0.294770206,13152
2019,"Orlando Arcia","MIL",148,546,494,110,78,16,1,15,51,59,43,5,109,1,6,2,15,8,5,0.222672064,13185
2019,"Mike Zunino","TBR",84,289,266,44,24,10,1,9,30,32,20,0,98,3,0,0,4,0,0,0.165413533,13265
2019,"Max Muncy","LAD",141,589,487,122,64,22,1,35,101,98,90,1,149,8,4,0,5,4,1,0.250513347,13301
2019,"Ildemaro Vargas","ARI",82,211,201,54,38,9,1,6,25,24,9,0,24,0,1,0,6,1,0,0.268656716,13324
2019,"Jake Lamb","ARI",78,226,187,36,20,8,2,6,26,30,32,1,55,5,2,0,4,1,0,0.192513368,13329
2019,"Omar Narvaez","SEA",131,482,428,119,85,12,0,22,63,55,47,1,92,4,3,0,5,0,0,0.278037383,13338
2019,"Bubba Starling","KCR",53,197,186,40,29,7,0,4,26,12,9,0,56,1,0,1,4,2,0,0.215053763,13356
2019,"Tyler Naquin","CLE",87,294,274,79,50,19,0,10,34,34,14,2,66,2,2,2,8,4,2,0.288321167,13359
2019,"Stephen Piscotty","OAK",93,393,357,89,58,17,1,13,46,44,29,0,84,3,3,1,13,2,0,0.249299719,13367
2019,"Christian Walker","ARI",152,603,529,137,81,26,1,29,86,73,67,6,155,6,1,0,11,8,1,0.258979206,13419
2019,"Dwight Smith Jr","BAL",100,392,357,86,54,16,3,13,46,53,26,0,82,4,4,1,8,5,1,0.240896358,13473
2019,"Tom Murphy","SEA",74,281,260,71,40,12,1,18,32,40,19,0,87,1,1,0,0,2,0,0.273076923,13499
2019,"Jose  Ramirez","CLE",128,542,482,123,64,33,3,23,68,83,52,3,74,2,6,0,8,24,4,0.255186721,13510
2019,"Jesse Winker","CIN",113,384,338,91,56,17,2,16,51,38,38,2,60,8,0,0,10,0,2,0.269230769,13590
2019,"Jose Peraza","CIN",135,403,376,90,64,18,2,6,37,33,17,0,58,8,2,0,9,7,6,0.239361702,13593
2019,"Mallex Smith","SEA",132,566,510,116,82,19,9,6,70,37,42,0,141,11,1,2,7,46,9,0.22745098,13608
2019,"Mookie Betts","BOS",149,706,597,176,102,40,5,29,135,80,97,6,101,3,9,0,11,16,3,0.29480737,13611
2019,"Ketel Marte","ARI",144,628,569,187,110,36,9,32,97,92,53,2,86,4,2,0,7,10,2,0.328646748,13613
2019,"Carson Kelly","ARI",110,365,314,77,40,19,0,18,46,47,48,10,79,2,1,0,11,0,0,0.245222929,13620
2019,"Jeimer Candelario","DET",93,386,335,68,41,17,2,8,33,32,43,1,99,7,1,0,3,3,1,0.202985074,13621
2019,"Corey Seager","LAD",132,541,489,133,69,44,1,19,82,87,44,3,98,4,4,0,8,1,0,0.27198364,13624
2019,"Jacob Stallings","PIT",70,210,191,50,39,5,0,6,26,13,16,5,40,2,0,1,3,0,0,0.261780104,13723
2019,"David Dahl","COL",100,413,374,113,65,28,5,15,67,61,28,0,110,4,5,2,3,4,4,0.302139037,13744
2019,"Chris Taylor","LAD",124,414,366,96,51,29,4,12,52,52,37,3,115,4,5,2,6,8,0,0.262295081,13757
2019,"Adalberto Mondesi","KCR",102,443,415,109,70,20,10,9,58,62,19,0,132,0,6,3,6,43,7,0.262650602,13769
2019,"Joey Wendle","TBR",70,263,238,55,37,13,2,3,32,19,14,0,47,8,3,0,4,8,3,0.231092436,13853
2019,"Rio Ruiz","BAL",121,413,370,86,59,13,2,12,35,46,40,0,88,0,2,1,12,0,1,0.232432432,14103
2019,"Addison Russell","CHC",76,241,215,51,37,4,1,9,25,23,20,2,58,3,2,1,7,2,0,0.237209302,14106
2019,"Albert Almora Jr.","CHC",115,363,339,80,56,11,1,12,41,32,16,4,62,1,2,5,8,2,1,0.2359882,14109
2019,"Joey Gallo","TEX",70,297,241,61,23,15,1,22,54,49,52,4,114,2,1,1,0,4,2,0.253112033,14128
2019,"Daniel Vogelbach","SEA",144,558,462,96,49,17,0,30,73,76,92,2,149,2,2,0,4,0,0,0.207792207,14130
2019,"Daniel Robertson","TBR",73,237,207,44,32,9,1,2,23,19,24,0,59,6,0,0,10,2,2,0.212560386,14145
2019,"Byron Buxton","MIN",79,295,271,71,27,30,4,10,48,46,19,1,68,2,1,2,3,14,3,0.261992619,14161
2019,"Carlos Correa","HOU",75,321,280,78,40,16,1,21,42,59,35,0,75,2,4,0,8,1,0,0.278571428,14162
2019,"Jorge Soler","KCR",162,679,589,156,74,33,1,48,95,117,73,3,178,10,4,0,16,3,1,0.264855687,14221
2019,"Yasiel Puig","2 Tms",149,611,555,148,92,30,2,24,76,84,44,1,133,8,4,0,13,19,7,0.266666666,14225
2019,"Mitch Haniger","SEA",62,283,246,54,25,13,1,15,46,32,30,1,81,5,2,0,3,4,0,0.219512195,14274
2019,"Matt Olson","OAK",127,547,483,129,67,26,0,36,73,91,51,7,138,12,1,0,11,0,0,0.267080745,14344
2019,"Raimel Tapia","COL",138,447,426,117,80,23,5,9,54,44,21,0,100,0,0,0,2,9,3,0.274647887,14350
2019,"Lewis Brinson","MIA",74,248,226,39,29,9,1,0,15,15,13,1,74,6,1,2,8,1,1,0.172566371,14352
2019,"Harold Ramirez","MIA",118,446,421,116,82,20,3,11,54,50,18,1,91,5,1,0,8,2,1,0.275534441,14387
2019,"Ronald Guzman","TEX",84,295,256,56,26,20,0,10,34,36,32,1,87,3,4,0,7,1,2,0.21875,14388
2019,"Jake Cave","MIN",67,228,198,51,30,11,2,8,28,25,21,0,71,8,1,0,5,0,0,0.257575757,14477
2019,"Renato Nunez","BAL",151,599,541,132,77,24,0,31,72,90,44,1,143,10,4,0,9,1,1,0.243992606,14503
2019,"Pedro Severino","BAL",95,341,305,76,50,13,0,13,37,44,29,0,73,4,2,1,5,3,1,0.249180327,14523
2019,"Anthony Santander","BAL",93,405,380,99,58,20,1,20,46,59,19,0,86,2,3,1,1,1,2,0.260526315,14551
2019,"Nomar Mazara","TEX",116,469,429,115,68,27,1,19,69,66,28,2,108,6,6,0,5,4,1,0.268065268,14553
2019,"Franmil Reyes","2 Tms",150,548,494,123,67,19,0,37,69,81,47,1,156,0,7,0,15,0,0,0.248987854,14566
2019,"David Bote","CHC",115,356,303,78,50,17,0,11,47,41,44,4,93,7,2,0,11,5,1,0.257425742,14593
2019,"Harold Castro","DET",95,369,354,103,84,10,4,5,30,38,9,0,86,0,4,2,6,4,2,0.290960451,14691
2019,"Manuel Margot","SDP",149,441,398,93,59,19,3,12,59,37,38,1,88,2,0,3,6,20,4,0.233668341,14712
2019,"Dawel Lugo","DET",74,288,273,67,46,11,4,6,28,26,8,1,59,3,4,0,8,0,0,0.245421245,14713
2019,"Phillip Ervin","CIN",92,260,236,64,39,11,7,7,30,23,18,0,63,4,2,0,4,4,3,0.27118644,14738
2019,"Luke Voit","NYY",118,510,429,113,70,21,1,21,72,62,71,2,142,9,1,0,12,0,0,0.263403263,14811
2019,"Kyle Farmer","CIN",92,197,183,42,27,6,0,9,22,27,10,1,59,3,1,0,1,4,1,0.229508196,14813
2019,"JaCoby Jones","DET",86,333,298,70,37,19,3,11,39,26,27,2,94,6,1,1,6,7,2,0.234899328,14818
2019,"Mike Yastrzemski","SFG",106,410,371,101,55,22,3,21,64,55,32,1,107,4,3,1,4,2,4,0.272237196,14854
2019,"Tony Kemp","2 Tms",108,279,245,52,31,9,4,8,31,29,23,1,47,6,4,1,4,4,4,0.212244897,14894
2019,"Johan Camargo","ATL",96,248,232,54,34,12,1,7,31,32,15,2,43,0,0,1,5,1,0,0.23275862,14950
2019,"Victor Caratini","CHC",95,279,244,65,43,11,0,11,31,34,29,0,59,3,3,0,6,1,0,0.266393442,14968
2019,"Adam Engel","CHW",79,248,227,55,37,10,2,6,26,26,14,0,78,6,0,1,5,3,3,0.242290748,15082
2019,"Ryan McMahon","COL",140,539,480,120,73,22,1,24,70,83,56,1,160,1,1,1,14,5,1,0.25,15112
2019,"Hunter Dozier","KCR",139,586,523,146,81,29,10,26,75,84,55,2,148,3,5,0,9,2,2,0.279158699,15117
2019,"Tim Locastro","ARI",87,250,212,53,38,12,2,1,38,17,14,0,44,22,1,1,1,17,0,0.25,15124
2019,"Trey Mancini","BAL",154,679,602,175,100,38,2,35,106,97,63,3,143,9,5,0,22,1,0,0.290697674,15149
2019,"Mitch Garver","MIN",90,359,311,85,37,16,1,31,70,67,41,0,87,5,2,0,5,0,0,0.273311897,15161
2019,"Josh VanMeter","CIN",93,260,228,54,32,13,1,8,33,23,29,0,56,2,1,0,5,9,3,0.236842105,15170
2019,"Tim Anderson","CHW",123,518,498,167,117,32,0,18,81,56,15,0,109,3,2,0,12,17,5,0.335341365,15172
2019,"Ryan Cordell","CHW",82,247,217,48,33,8,0,7,22,24,19,0,69,3,2,6,2,3,1,0.221198156,15181
2019,"Chad Pinder","OAK",119,370,341,82,48,21,0,13,45,47,20,0,88,5,3,1,11,0,1,0.240469208,15191
2019,"Jake Bauers","CLE",115,423,372,84,55,16,1,12,46,43,45,0,115,3,3,0,3,3,3,0.225806451,15194
2019,"Brandon Dixon","DET",113,420,391,97,58,20,4,15,41,52,21,0,136,4,4,0,5,5,1,0.248081841,15214
2019,"Adam Frazier","PIT",150,608,554,154,104,33,7,10,80,50,40,4,75,9,1,4,6,5,5,0.277978339,15223
2019,"Mike Tauchman","NYY",84,296,260,72,40,18,1,13,46,47,34,0,71,1,1,0,9,6,0,0.276923076,15274
2019,"Garrett Cooper","MIA",106,421,381,107,75,16,1,15,52,50,33,0,110,5,2,0,10,0,0,0.280839895,15279
2019,"Jeff McNeil","NYM",132,567,510,162,100,38,1,23,83,75,35,2,75,21,1,0,5,5,6,0.317647058,15362
2019,"Kris Bryant","CHC",147,634,543,153,86,35,1,31,108,77,74,1,145,15,2,0,10,4,0,0.281767955,15429
2019,"Hunter Renfroe","SDP",138,494,440,95,42,19,1,33,64,64,46,1,154,2,6,0,6,5,0,0.21590909,15464
2019,"Aristides Aquino","CIN",56,225,205,53,26,8,0,19,31,47,16,2,60,2,2,0,5,7,0,0.258536585,15482
2019,"Victor Reyes","DET",68,292,276,84,60,16,5,3,29,25,14,0,64,0,2,0,5,9,3,0.304347826,15487
2019,"J.P. Crawford","SEA",92,396,345,78,46,21,4,7,43,46,43,0,83,2,3,3,4,5,3,0.226086956,15491
2019,"Amed Rosario","NYM",157,655,616,177,125,30,7,15,75,72,31,2,124,3,3,2,13,19,10,0.287337662,15518
2019,"Tyler White","2 Tms",80,279,240,50,33,14,0,3,18,23,36,0,78,0,3,0,7,0,0,0.208333333,15564
2019,"Willians Astudillo","MIN",58,204,190,51,38,9,0,4,28,21,5,0,8,5,4,0,6,0,0,0.268421052,15608
2019,"Aaron Judge","NYY",102,447,378,103,57,18,1,27,75,55,64,4,141,3,1,0,11,3,2,0.272486772,15640
2019,"Dominic Smith","NYM",82,197,177,50,29,10,0,11,35,25,19,0,44,1,0,0,5,1,2,0.282485875,15653
2019,"Billy McKinney","TOR",84,276,251,54,27,14,1,12,37,28,19,0,73,2,2,2,0,0,2,0.215139442,15654
2019,"Austin Meadows","TBR",138,591,530,154,85,29,7,33,83,89,54,6,131,7,0,0,3,12,7,0.290566037,15672
2019,"Jose Abreu","CHW",159,693,634,180,108,38,1,33,85,123,36,4,152,13,10,0,24,2,2,0.283911671,15676
2019,"Rowdy Tellez","TOR",111,409,370,84,44,19,0,21,49,54,29,3,116,7,3,0,9,1,1,0.227027027,15679
2019,"Chance Sisco","BAL",56,198,167,35,20,7,0,8,29,20,22,0,61,9,0,0,5,0,1,0.209580838,15694
2019,"Aledmys Diaz","HOU",68,247,210,57,35,12,1,9,36,40,26,1,28,5,6,0,10,2,0,0.271428571,15937
2019,"Austin Nola","SEA",69,267,238,64,41,12,1,10,37,31,23,1,63,4,1,1,8,1,0,0.268907563,15941
2019,"Clint Frazier","NYY",67,246,225,60,34,14,0,12,31,38,16,1,70,2,3,0,2,1,2,0.266666666,15983
2019,"Willy Adames","TBR",149,584,531,135,89,25,1,20,69,52,46,1,153,3,1,3,9,4,2,0.254237288,15986
2019,"Cody Bellinger","LAD",156,661,559,170,86,34,3,47,121,115,95,21,108,3,4,0,10,15,5,0.30411449,15998
2019,"Stevie Wilkerson","BAL",107,361,329,74,44,18,2,10,41,35,22,0,108,7,2,1,5,3,3,0.224924012,16041
2019,"Austin Slater","SFG",67,192,168,40,23,9,3,5,20,21,22,1,59,2,0,0,1,1,0,0.238095238,16153
2019,"J.D. Davis","NYM",140,453,410,126,81,22,1,22,65,57,38,2,97,3,2,0,14,3,0,0.307317073,16219
2019,"Trea Turner","WSN",122,569,521,155,94,37,5,19,96,57,43,2,113,3,2,0,10,35,5,0.297504798,16252
2019,"Oscar Mercado","CLE",114,482,438,118,75,25,3,15,70,54,28,0,84,5,4,7,9,15,4,0.269406392,16375
2019,"Michael Conforto","NYM",150,648,549,141,78,29,1,33,90,92,84,5,149,10,5,0,11,7,2,0.256830601,16376
2019,"Francisco Mejia","SDP",77,244,226,60,39,11,2,8,27,22,13,1,56,4,1,0,6,1,1,0.265486725,16403
2019,"Jordan Luplow","CLE",82,261,225,62,31,15,1,15,42,38,33,0,61,2,1,0,7,3,2,0.275555555,16424
2019,"Ryan O'Hearn","KCR",104,370,328,64,36,13,1,14,32,38,39,1,99,1,2,0,7,0,1,0.195121951,16442
2019,"Rhys Hoskins","PHI",159,705,570,129,62,33,5,29,86,85,116,6,173,11,6,0,10,2,2,0.226315789,16472
2019,"Kyle Schwarber","CHC",155,610,529,132,62,29,3,38,82,92,70,5,156,5,6,0,6,2,3,0.24952741,16478
2019,"Matt Chapman","OAK",152,670,583,145,70,36,3,36,102,91,73,0,147,11,3,0,12,1,1,0.24871355,16505
2019,"Isiah Kiner-Falefa","TEX",61,222,202,48,34,12,1,1,23,21,14,0,49,4,1,1,9,3,0,0.237623762,16512
2019,"Danny Jansen","TOR",106,383,347,72,46,12,1,13,41,43,31,1,79,4,1,1,8,0,1,0.207492795,16535
2019,"Ozzie Albies","ATL",160,702,640,189,114,43,8,24,102,86,54,6,112,4,4,0,2,15,4,0.2953125,16556
2019,"Yandy Diaz","TBR",79,347,307,82,47,20,1,14,53,38,35,1,61,1,4,0,9,2,2,0.267100977,16578
2019,"Luis Urias","SDP",69,249,215,48,35,8,1,4,27,24,25,0,56,9,0,0,8,0,1,0.223255813,16622
2019,"Greg Allen","CLE",83,256,231,53,37,9,3,4,30,27,11,1,53,9,1,4,3,8,2,0.229437229,16623
2019,"Colin Moran","PIT",145,503,466,129,85,30,1,13,46,80,30,4,117,3,4,0,13,0,1,0.276824034,16909
2019,"Gleyber Torres","NYY",144,604,546,152,88,26,0,38,96,90,48,3,129,3,6,1,10,5,2,0.278388278,16997
2019,"Alex Verdugo","LAD",105,377,343,101,65,22,2,12,43,44,26,1,49,2,6,0,8,4,1,0.294460641,17027
2019,"Grayson Greiner","DET",58,224,208,42,31,5,1,5,18,19,13,0,70,1,1,1,5,0,0,0.201923076,17062
2019,"Ramon Laureano","OAK",119,481,434,125,72,29,0,24,79,67,27,0,123,11,8,1,7,13,2,0.288018433,17128
2019,"Yoan Moncada","CHW",131,559,511,161,97,34,5,25,83,79,40,2,154,4,3,1,1,10,3,0.315068493,17232
2019,"Michael Chavis","BOS",95,382,347,88,59,10,1,18,46,58,31,2,127,4,0,0,11,2,1,0.253602305,17321
2019,"Rafael Devers","BOS",156,702,647,201,111,54,4,32,129,115,48,7,119,4,2,1,8,8,8,0.310664605,17350
2019,"Eloy Jimenez","CHW",121,504,468,125,74,18,2,31,69,79,30,0,134,4,2,0,11,0,0,0.267094017,17484
2019,"Alex Bregman","HOU",156,690,554,164,84,37,2,41,122,112,119,2,83,9,8,0,9,5,1,0.29602888,17678
2019,"Kevin Newman","PIT",128,531,493,152,114,20,6,12,61,64,28,2,62,7,1,2,5,16,8,0.30831643,17696
2019,"Matt Beaty","LAD",98,268,249,66,37,19,1,9,36,46,17,2,33,2,0,0,6,5,0,0.26506024,17710
2019,"Christin Stewart","DET",104,416,369,86,50,25,1,10,32,40,34,3,103,7,6,0,4,0,1,0.23306233,17714
2019,"Steven Duggar","SFG",72,281,261,61,43,12,2,4,26,28,16,0,78,1,3,0,1,1,4,0.233716475,17719
2019,"Richie Martin","BAL",99,309,283,59,42,8,3,6,29,23,14,0,83,6,1,5,6,10,1,0.208480565,17736
2019,"Willie Calhoun","TEX",83,337,309,83,47,14,1,21,51,48,23,0,53,3,2,0,5,0,0,0.268608414,17838
2019,"Andrew Benintendi","BOS",136,615,541,144,86,40,5,13,72,68,59,1,140,7,5,3,6,10,3,0.266173752,17901
2019,"Isan Diaz","MIA",49,201,179,31,19,5,2,5,17,23,19,0,59,2,1,0,2,0,3,0.173184357,17922
2019,"Scott Kingery","PHI",125,500,458,118,61,34,4,19,64,55,34,1,147,5,2,1,3,15,4,0.257641921,17975
2019,"Ty France","SDP",69,201,184,43,27,8,1,7,20,24,9,0,49,7,1,0,8,0,2,0.233695652,17982
2019,"David Fletcher","LAA",149,653,596,173,133,30,4,6,83,49,55,2,64,0,1,1,8,8,3,0.290268456,17992
2019,"Paul DeJong","STL",159,664,583,136,74,31,1,30,97,78,62,1,149,13,5,1,15,9,5,0.233276157,18015
2019,"Harrison Bader","STL",127,406,347,71,42,14,3,12,54,39,46,4,117,10,2,1,3,11,3,0.204610951,18030
2019,"Dylan Moore","SEA",94,282,247,51,26,14,2,9,31,28,25,0,93,9,0,1,6,11,9,0.206477732,18042
2019,"Brian Anderson","MIA",126,520,459,120,66,33,1,20,57,66,44,1,114,14,3,0,15,5,1,0.261437908,18289
2019,"Dansby Swanson","ATL",125,545,483,121,75,26,3,17,77,65,51,2,124,5,5,1,7,10,5,0.250517598,18314
2019,"Austin Riley","ATL",80,296,274,62,32,11,1,18,41,49,16,3,108,5,2,0,4,0,2,0.226277372,18360
2019,"Victor Robles","WSN",154,617,546,139,86,33,3,17,86,65,35,3,140,25,5,6,6,28,9,0.254578754,18363
2019,"Ronald Acuna Jr.","ATL",156,715,626,175,110,22,2,41,127,101,76,4,188,9,1,0,8,37,9,0.279552715,18401
2019,"Luis Arraez","MIN",90,366,326,109,84,20,1,4,54,28,36,1,29,1,3,0,2,2,2,0.334355828,18568
2019,"Guillermo Heredia","TBR",79,231,204,46,28,13,0,5,31,20,18,0,60,6,1,2,4,2,2,0.225490196,18721
2019,"Josh Naylor","SDP",94,279,253,63,40,15,0,8,29,32,25,1,64,0,1,0,4,1,1,0.249011857,18839
2019,"Brandon Lowe","TBR",82,327,296,80,44,17,2,17,42,51,25,0,113,5,1,0,1,5,0,0.27027027,18882
2019,"Will Smith","LAD",54,196,170,43,19,9,0,15,30,42,18,1,52,5,3,0,3,2,0,0.252941176,19197
2019,"Yuli Gurriel","HOU",144,612,564,168,95,40,2,31,85,104,37,2,65,5,6,0,12,5,3,0.29787234,19198
2019,"Lourdes Gurriel Jr.","TOR",83,343,314,87,46,19,2,20,52,50,20,0,86,5,3,1,4,6,4,0.277070063,19238
2019,"Pete Alonso","NYM",160,693,597,155,70,30,2,53,103,120,72,6,183,21,3,0,13,1,0,0.25963149,19251
2019,"Cavan Biggio","TOR",100,430,354,83,48,17,2,16,66,48,71,0,123,2,2,0,0,14,0,0.234463276,19252
2019,"Garrett Hampson","COL",101,327,299,74,53,9,4,8,40,27,24,1,88,0,2,2,2,15,3,0.247491638,19262
2019,"Nick Senzel","CIN",101,414,375,96,60,20,4,12,55,42,30,0,101,3,1,0,7,14,5,0.256,19293
2019,"Bryan Reynolds","PIT",133,546,491,154,97,37,4,16,83,68,46,0,121,6,3,0,9,3,2,0.313645621,19326
2019,"Nicky Lopez","KCR",103,402,379,91,65,22,2,2,44,30,18,0,51,1,0,4,5,1,1,0.24010554,19339
2019,"Tommy Edman","STL",92,349,326,99,64,17,7,11,59,36,16,0,61,7,0,0,3,15,1,0.303680981,19470
2019,"Yordan Alvarez","HOU",87,369,313,98,45,26,0,27,58,78,52,4,94,2,2,0,9,0,0,0.313099041,19556
2019,"Vladimir Guerrero Jr.","TOR",123,514,464,126,83,26,2,15,52,69,46,0,91,2,2,0,17,0,1,0.271551724,19611
2019,"Bo Bichette","TOR",46,212,196,61,32,18,0,11,32,21,14,0,50,1,1,0,2,4,4,0.311224489,19612
2019,"Fernando Tatis Jr.","SDP",84,372,334,106,65,13,6,22,61,53,30,1,110,5,3,0,4,16,6,0.317365269,19709
2019,"Shohei Ohtani","LAA",106,425,384,110,67,20,5,18,51,62,33,1,110,2,4,0,6,12,3,0.286458333,19755
2019,"Luis Rengifo","LAA",106,406,357,85,57,18,3,7,44,33,40,0,93,5,3,1,6,2,5,0.238095238,19858
2019,"Adam Haseley","PHI",67,242,222,59,40,14,0,5,30,26,14,1,60,5,0,1,7,4,0,0.265765765,19878
2019,"Keston Hiura","MIL",83,348,314,95,51,23,2,19,51,49,25,1,107,8,1,0,6,9,3,0.30254777,20003
2019,"Juan Soto","WSN",150,659,542,153,82,32,5,34,110,110,108,3,132,3,6,0,11,12,1,0.282287822,20123