Season,Name,Tm,PA,GB/FB,LD%,GB%,FB%,IFFB%,HR/FB,IFH%,BUH%,Pull%,Cent%,Oppo%,Soft%,Med%,Hard%,playerId
2019,"Todd Frazier","NYM",499,0.809523809,0.217647058,0.35,0.432352941,0.122448979,0.142857142,0.050420168,1,0.4985,0.3196,0.1818,0.1994,0.4663,0.3343,785
2019,"Albert Pujols","LAA",545,1.185628742,0.15313225,0.459396751,0.387470997,0.125748502,0.13772455,0.045454545,0,0.5267,0.3063,0.1671,0.1949,0.4153,0.3898,1177
2019,"Wilson Ramos","NYM",524,3.256410256,0.184275184,0.624078624,0.191646191,0.064102564,0.179487179,0.043307086,0,0.398,0.3464,0.2555,0.1818,0.4988,0.3194,1433
2019,"Miguel Cabrera","DET",549,1.379032258,0.243589743,0.438461538,0.317948717,0.080645161,0.096774193,0.046783625,0,0.3128,0.3769,0.3103,0.1205,0.4385,0.441,1744
2019,"David Peralta","ARI",423,1.841463414,0.212837837,0.510135135,0.277027027,0.109756097,0.146341463,0.072847682,0,0.3615,0.4054,0.2331,0.1689,0.3986,0.4324,2136
2019,"Edwin Encarnacion","2 Tms",486,0.608695652,0.185534591,0.3081761,0.506289308,0.180124223,0.211180124,0.061224489,0,0.5189,0.2547,0.2264,0.195,0.4057,0.3994,2151
2019,"Carlos Santana","CLE",686,1.198863636,0.171306209,0.451820128,0.376873661,0.09090909,0.193181818,0.06635071,0,0.4561,0.349,0.1949,0.1627,0.4069,0.4304,2396
2019,"Nelson Cruz","MIN",521,0.984732824,0.202453987,0.395705521,0.40184049,0.076335877,0.312977099,0.093023255,0,0.4172,0.3282,0.2546,0.1196,0.3558,0.5245,2434
2019,"Yonder Alonso","2 Tms",335,1.13095238,0.197309417,0.426008968,0.376681614,0.095238095,0.119047619,0.063157894,1,0.4643,0.3214,0.2143,0.1786,0.4911,0.3304,2530
2019,"Roberto Perez","CLE",449,1.564705882,0.171102661,0.505703422,0.323193916,0.035294117,0.282352941,0.015037593,0.1,0.3297,0.3663,0.304,0.1502,0.4469,0.4029,2900
2019,"Tommy Pham","TBR",654,2.154545454,0.218468468,0.533783783,0.247747747,0.09090909,0.19090909,0.105485232,0,0.3865,0.3618,0.2517,0.1528,0.4112,0.436,2967
2019,"Mitch Moreland","BOS",335,1.29113924,0.199115044,0.451327433,0.349557522,0.025316455,0.240506329,0.019607843,0,0.4735,0.3097,0.2168,0.115,0.531,0.354,3086
2019,"Robinson Chirinos","HOU",437,0.885416666,0.255144032,0.349794238,0.395061728,0.114583333,0.177083333,0.14117647,0,0.4758,0.3145,0.2097,0.1774,0.4274,0.3952,3142
2019,"Shin-Soo Choo","TEX",660,1.686956521,0.217721518,0.49113924,0.29113924,0.017391304,0.208695652,0.041237113,0.5,0.401,0.3609,0.2381,0.1178,0.4336,0.4486,3174
2019,"Welington Castillo","CHW",251,1.163934426,0.164556962,0.449367088,0.386075949,0.13114754,0.196721311,0.056338028,0,0.4177,0.3544,0.2278,0.2025,0.4494,0.3481,3256
2019,"Robinson Cano","NYM",423,1.58,0.20123839,0.489164086,0.309597523,0.06,0.13,0.044303797,0,0.3488,0.3765,0.2747,0.1759,0.4444,0.3796,3269
2019,"Martin Prado","MIA",260,1.745762711,0.217391304,0.497584541,0.285024154,0.101694915,0.033898305,0.058252427,0,0.3527,0.3527,0.2947,0.1691,0.4734,0.3575,3312
2019,"Matt Joyce","ATL",238,0.946428571,0.292207792,0.344155844,0.363636363,0.071428571,0.125,0.018867924,1,0.4516,0.2839,0.2645,0.1484,0.4452,0.4065,3353
2019,"Ryan Braun","MIL",508,1.657407407,0.191549295,0.504225352,0.304225352,0.083333333,0.203703703,0.083798882,0,0.4118,0.3417,0.2465,0.1709,0.3725,0.4566,3410
2019,"Jeff Mathis","TEX",244,1.018518518,0.215827338,0.395683453,0.388489208,0.185185185,0.037037037,0.054545454,0.333333333,0.3803,0.3732,0.2465,0.2324,0.4437,0.3239,3448
2019,"Anthony Rizzo","CHC",613,1.345588235,0.2529274,0.428571428,0.31850117,0.095588235,0.198529411,0.032786885,0.5,0.4289,0.324,0.2471,0.1841,0.4429,0.373,3473
2019,"Eric Hosmer","SDP",667,2.424528301,0.209150326,0.559912854,0.230936819,0.047169811,0.207547169,0.038910505,0.5,0.3297,0.3991,0.2711,0.1822,0.4165,0.4013,3516
2019,"Eric Thames","MIL",459,0.722689075,0.205426356,0.333333333,0.46124031,0.084033613,0.210084033,0.023255813,0,0.4302,0.3566,0.2132,0.1318,0.3798,0.4884,3711
2019,"Josh Reddick","HOU",550,1.042168674,0.234762979,0.390519187,0.374717832,0.126506024,0.084337349,0.052023121,0.5,0.3573,0.3843,0.2584,0.1708,0.5079,0.3213,3892
2019,"Melky Cabrera","PIT",397,1.606060606,0.232142857,0.473214285,0.294642857,0.121212121,0.07070707,0.081761006,0,0.3876,0.358,0.2544,0.2396,0.4497,0.3107,4022
2019,"Dexter Fowler","STL",574,1.08,0.252873563,0.387931034,0.359195402,0.048,0.152,0.074074074,0.5,0.4029,0.3714,0.2257,0.1771,0.4486,0.3743,4062
2019,"Michael Brantley","HOU",637,1.471337579,0.239215686,0.452941176,0.307843137,0.031847133,0.140127388,0.021645021,1,0.4016,0.3353,0.2632,0.1326,0.4503,0.4172,4106
2019,"Ryan Zimmerman","WSN",190,1.431818181,0.201492537,0.470149253,0.328358208,0.113636363,0.136363636,0.047619047,0,0.4552,0.2836,0.2612,0.1642,0.4254,0.4104,4220
2019,"Howie Kendrick","WSN",370,1.47368421,0.186851211,0.484429065,0.328719723,0.021052631,0.178947368,0.042857142,0,0.3414,0.3966,0.2621,0.1414,0.4034,0.4552,4229
2019,"Joey Votto","CIN",608,0.980392156,0.251851851,0.37037037,0.377777777,0.02614379,0.098039215,0.053333333,0,0.3605,0.3802,0.2593,0.1012,0.484,0.4148,4314
2019,"Daniel Murphy","COL",478,1.09774436,0.241847826,0.39673913,0.361413043,0.090225563,0.09774436,0.05479452,0,0.3886,0.3424,0.269,0.1685,0.5272,0.3043,4316
2019,"Starlin Castro","MIA",676,1.454545454,0.191011235,0.479400749,0.329588014,0.085227272,0.125,0.06640625,0,0.4401,0.339,0.221,0.1592,0.4213,0.4195,4579
2019,"Russell Martin","LAD",249,1.76744186,0.211920529,0.503311258,0.284768211,0.139534883,0.139534883,0.131578947,0,0.4967,0.3113,0.1921,0.1788,0.4901,0.3311,4616
2019,"Curtis Granderson","MIA",363,0.717171717,0.220183486,0.325688073,0.45412844,0.07070707,0.121212121,0.028169014,0.666666666,0.4615,0.267,0.2715,0.1041,0.4525,0.4434,4747
2019,"Brian McCann","ATL",316,1.188235294,0.187772925,0.441048034,0.371179039,0.129411764,0.14117647,0.01980198,1,0.4913,0.313,0.1957,0.187,0.413,0.4,4810
2019,"Jarrod Dyson","ARI",452,1.536082474,0.188118811,0.491749174,0.320132013,0.134020618,0.072164948,0.080536912,0.428571428,0.3849,0.3785,0.2366,0.2177,0.489,0.2934,4866
2019,"Mike Moustakas","MIL",584,0.791666666,0.188679245,0.358490566,0.452830188,0.135416666,0.182291666,0.072368421,0.333333333,0.4075,0.3021,0.2904,0.2084,0.377,0.4145,4892
2019,"Ender Inciarte","ATL",230,1.744186046,0.238709677,0.483870967,0.277419354,0.093023255,0.116279069,0.04,0.5,0.4151,0.3145,0.2704,0.2264,0.4465,0.327,4922
2019,"Jason Heyward","CHC",589,1.355072463,0.195544554,0.462871287,0.341584158,0.101449275,0.152173913,0.058823529,0,0.4187,0.3645,0.2167,0.1773,0.4704,0.3522,4940
2019,"Asdrubal Cabrera","2 Tms",514,1.015151515,0.237822349,0.383954154,0.378223495,0.045454545,0.136363636,0.037313432,1,0.5014,0.2764,0.2222,0.1225,0.4501,0.4274,4962
2019,"Stephen Vogt","SFG",280,0.553191489,0.243523316,0.269430051,0.487046632,0.053191489,0.106382978,0.038461538,0,0.3886,0.3523,0.2591,0.0984,0.487,0.4145,5000
2019,"Josh Donaldson","ATL",659,1.159722222,0.214646464,0.421717171,0.363636363,0.125,0.256944444,0.083832335,0,0.4848,0.2677,0.2475,0.1515,0.3737,0.4747,5038
2019,"Alex Gordon","KCR",633,1.503546099,0.230936819,0.461873638,0.307189542,0.035460992,0.092198581,0.056603773,0.25,0.406,0.3477,0.2462,0.1447,0.4665,0.3888,5209
2019,"Justin Upton","LAA",256,0.820895522,0.164383561,0.376712328,0.458904109,0.179104477,0.179104477,0.054545454,0,0.4658,0.3219,0.2123,0.1986,0.3904,0.411,5222
2019,"Cameron Maybin","NYY",269,1.046153846,0.193939393,0.412121212,0.393939393,0.138461538,0.169230769,0.132352941,0,0.3353,0.4072,0.2575,0.2036,0.4192,0.3772,5223
2019,"Justin Turner","LAD",549,0.836477987,0.258883248,0.337563451,0.403553299,0.050314465,0.16981132,0.075187969,0,0.3823,0.3696,0.2481,0.1241,0.3722,0.5038,5235
2019,"Robbie Grossman","OAK",482,1.182608695,0.250746268,0.405970149,0.343283582,0.052173913,0.052173913,0.044117647,0,0.2976,0.4137,0.2887,0.1577,0.497,0.3452,5254
2019,"Sandy Leon","BOS",191,0.785714285,0.2,0.352,0.448,0.196428571,0.089285714,0.136363636,0,0.3692,0.3385,0.2923,0.2462,0.5,0.2538,5273
2019,"Aaron Hicks","NYY",255,1.064516129,0.157894736,0.434210526,0.407894736,0.14516129,0.193548387,0.075757575,0,0.4539,0.3092,0.2368,0.2237,0.3947,0.3816,5297
2019,"Brandon Crawford","SFG",560,1.697247706,0.234375,0.481770833,0.283854166,0.082568807,0.100917431,0.032432432,0.666666666,0.3876,0.3824,0.23,0.1757,0.4315,0.3928,5343
2019,"Freddie Freeman","ATL",692,1.124223602,0.275423728,0.383474576,0.341101694,0.04347826,0.236024844,0.022099447,0,0.4047,0.3093,0.286,0.1229,0.4089,0.4682,5361
2019,"Juan Lagares","NYM",285,1.333333333,0.183333333,0.466666666,0.35,0.095238095,0.079365079,0.13095238,0.166666666,0.2849,0.4086,0.3065,0.1828,0.5753,0.2419,5384
2019,"Pablo Sandoval","SFG",296,1.462686567,0.206730769,0.471153846,0.322115384,0.104477611,0.208955223,0.061224489,0,0.2952,0.4,0.3048,0.1905,0.3952,0.4143,5409
2019,"Jose Altuve","HOU",548,1.533834586,0.176039119,0.498777506,0.325183374,0.105263157,0.233082706,0.093137254,0.461538461,0.5,0.327,0.173,0.1754,0.4171,0.4076,5417
2019,"Ji-Man Choi","TBR",487,1.196261682,0.237012987,0.415584415,0.347402597,0.06542056,0.177570093,0.0390625,1,0.3722,0.3883,0.2395,0.1036,0.4693,0.4272,5452
2019,"Austin Romine","NYY",240,1.457627118,0.189944134,0.480446927,0.329608938,0.152542372,0.13559322,0.046511627,0,0.3667,0.3444,0.2889,0.2,0.4333,0.3667,5491
2019,"Marwin Gonzalez","MIN",463,1.431372549,0.239263803,0.44785276,0.312883435,0.078431372,0.147058823,0.047945205,0,0.3902,0.3811,0.2287,0.125,0.4634,0.4116,5497
2019,"Hernan Perez","MIL",246,1.641509433,0.161676646,0.520958083,0.317365269,0.075471698,0.150943396,0.045977011,0,0.3964,0.3609,0.2426,0.1953,0.4142,0.3905,5751
2019,"Avisail Garcia","TBR",530,1.456896551,0.223433242,0.460490463,0.316076294,0.051724137,0.172413793,0.100591715,0,0.4223,0.3651,0.2125,0.188,0.4114,0.4005,5760
2019,"Wilmer Flores","ARI",285,0.966666666,0.24680851,0.370212765,0.382978723,0.155555555,0.1,0.022988505,0,0.4383,0.3447,0.217,0.1617,0.4638,0.3745,5827
2019,"Leury Garcia","CHW",618,2.330097087,0.215102974,0.549199084,0.23569794,0.058252427,0.077669902,0.083333333,0.133333333,0.3319,0.3274,0.3407,0.1416,0.573,0.2854,5913
2019,"Nick Markakis","ATL",469,1.765306122,0.249307479,0.479224376,0.271468144,0.030612244,0.091836734,0.075144508,0,0.3435,0.3629,0.2936,0.1357,0.4543,0.41,5930
2019,"Jean Segura","PHI",618,1.912408759,0.20990099,0.518811881,0.271287128,0.116788321,0.08759124,0.080152671,0,0.3452,0.3984,0.2564,0.2071,0.4615,0.3314,5933
2019,"Didi Gregorius","NYY",344,0.85,0.183823529,0.375,0.44117647,0.15,0.133333333,0.06862745,1,0.4212,0.3736,0.2051,0.2015,0.4542,0.3443,6012
2019,"Eduardo Escobar","ARI",699,0.734782608,0.226744186,0.327519379,0.445736434,0.052173913,0.152173913,0.053254437,0,0.438,0.3527,0.2093,0.1279,0.4593,0.4128,6153
2019,"J.D. Martinez","BOS",656,1.227272727,0.2239819,0.427601809,0.348416289,0.025974025,0.233766233,0.074074074,0,0.4118,0.3235,0.2647,0.1018,0.4389,0.4593,6184
2019,"Ian Kinsler","SDP",281,0.976470588,0.168316831,0.410891089,0.420792079,0.188235294,0.105882352,0.060240963,0.666666666,0.4976,0.3171,0.1854,0.239,0.4293,0.3317,6195
2019,"Adam Jones","ARI",528,1.144827586,0.192207792,0.431168831,0.376623376,0.131034482,0.110344827,0.078313253,0.5,0.4393,0.3463,0.2145,0.1654,0.4574,0.3773,6368
2019,"Jordy Mercer","DET",271,1.217391304,0.231155778,0.422110552,0.346733668,0.144927536,0.130434782,0.071428571,0,0.3769,0.4221,0.201,0.2312,0.397,0.3719,6547
2019,"Freddy Galvis","2 Tms",589,1.044025157,0.209245742,0.403892944,0.386861313,0.062893081,0.144654088,0.060240963,0.5,0.4289,0.3036,0.2675,0.1325,0.4867,0.3807,6609
2019,"Ian Desmond","COL",482,1.545454545,0.224615384,0.47076923,0.304615384,0.101010101,0.202020202,0.039215686,0,0.3486,0.3425,0.3089,0.1621,0.4495,0.3884,6885
2019,"Martin Maldonado","3 Tms",374,1.372093023,0.170731707,0.479674796,0.349593495,0.093023255,0.139534883,0.042372881,0,0.4659,0.3574,0.1767,0.1647,0.4337,0.4016,6887
2019,"Yadier Molina","STL",452,1.170731707,0.270491803,0.393442622,0.336065573,0.081300813,0.081300813,0.0625,0,0.4235,0.3443,0.2322,0.1475,0.4344,0.418,7007
2019,"Logan Forsythe","TEX",367,1.194805194,0.228310502,0.420091324,0.351598173,0.051948051,0.09090909,0.04347826,0,0.4521,0.3105,0.2374,0.1324,0.3927,0.4749,7185
2019,"Alex Avila","ARI",201,2.083333333,0.229166666,0.520833333,0.25,0,0.375,0.04,0,0.4688,0.375,0.1563,0.0521,0.4167,0.5313,7476
2019,"Neil Walker","MIA",381,1.345679012,0.272030651,0.417624521,0.310344827,0.049382716,0.098765432,0.027522935,0,0.3908,0.3602,0.249,0.1609,0.4636,0.3755,7539
2019,"Travis d'Arnaud","3 Tms",391,1.057142857,0.205882352,0.408088235,0.386029411,0.18095238,0.152380952,0.027027027,0,0.386,0.3346,0.2794,0.1912,0.3934,0.4154,7739
2019,"Miguel Rojas","MIA",526,1.584,0.236406619,0.468085106,0.295508274,0.056,0.04,0.06060606,0,0.3138,0.3934,0.2927,0.1429,0.5012,0.356,7802
2019,"Charlie Blackmon","COL",634,1.038674033,0.229645093,0.392484342,0.377870563,0.077348066,0.17679558,0.04787234,1,0.4283,0.3285,0.2432,0.1559,0.4428,0.4012,7859
2019,"Jonathan Lucroy","2 Tms",328,1.337349397,0.208163265,0.453061224,0.33877551,0.096385542,0.096385542,0.045045045,0,0.4,0.3673,0.2327,0.1755,0.4694,0.3551,7870
2019,"Eric Sogard","2 Tms",442,0.757142857,0.256797583,0.320241691,0.422960725,0.121428571,0.092857142,0.056603773,0.25,0.3599,0.3628,0.2773,0.177,0.472,0.351,7927
2019,"Tim Beckham","SEA",328,1.287671232,0.173267326,0.465346534,0.361386138,0.05479452,0.205479452,0.09574468,0,0.4208,0.3465,0.2327,0.2327,0.4257,0.3416,7949
2019,"Jose Martinez","STL",373,1.909090909,0.241106719,0.498023715,0.260869565,0.03030303,0.151515151,0.055555555,0,0.2913,0.4291,0.2795,0.1417,0.4882,0.3701,7996
2019,"Matt Carpenter","STL",492,0.733870967,0.253472222,0.315972222,0.430555555,0.024193548,0.120967741,0.054945054,0.6,0.4642,0.2935,0.2423,0.1126,0.471,0.4164,8090
2019,"Dee Gordon","SEA",421,2.107142857,0.211480362,0.534743202,0.253776435,0.083333333,0.035714285,0.056497175,0.2,0.3372,0.3578,0.305,0.2111,0.5689,0.2199,8203
2019,"Hunter Pence","TEX",316,1.256410256,0.196347031,0.447488584,0.356164383,0.064102564,0.23076923,0.112244897,0,0.3653,0.3059,0.3288,0.1416,0.4338,0.4247,8252
2019,"Kurt Suzuki","WSN",309,0.783018867,0.234817813,0.336032388,0.429149797,0.150943396,0.160377358,0.024096385,0,0.5344,0.3158,0.1498,0.1984,0.4575,0.3441,8259
2019,"Daniel Descalso","CHC",194,1.315789473,0.2,0.454545454,0.345454545,0.105263157,0.052631578,0,0.666666666,0.3628,0.354,0.2832,0.1681,0.5133,0.3186,8392
2019,"Ehire Adrianza","MIN",236,1.264150943,0.268292682,0.408536585,0.323170731,0.075471698,0.094339622,0.059701492,0.25,0.3571,0.3393,0.3036,0.131,0.5417,0.3274,8418
2019,"Gerardo Parra","2 Tms",301,1.5625,0.230046948,0.469483568,0.300469483,0.078125,0.140625,0.05,0.2,0.3716,0.3532,0.2752,0.1514,0.5367,0.3119,8553
2019,"Kendrys Morales","2 Tms",201,1.926829268,0.172413793,0.544827586,0.28275862,0.048780487,0.048780487,0.012658227,0,0.4276,0.3379,0.2345,0.1103,0.4759,0.4138,8610
2019,"Donovan Solano","SFG",228,1.265306122,0.339285714,0.369047619,0.291666666,0.102040816,0.081632653,0.064516129,0,0.2798,0.4524,0.2679,0.1369,0.4821,0.381,8623
2019,"Elvis Andrus","TEX",648,1.838028169,0.212890625,0.509765625,0.27734375,0.063380281,0.084507042,0.061302681,0,0.3696,0.3638,0.2665,0.1401,0.4747,0.3852,8709
2019,"Jason Castro","MIN",275,0.915254237,0.246666666,0.36,0.393333333,0.033898305,0.220338983,0.092592592,0,0.3974,0.3245,0.2781,0.1192,0.3642,0.5166,8722
2019,"Gordon Beckham","DET",240,1.050847457,0.219354838,0.4,0.380645161,0.101694915,0.101694915,0.064516129,0,0.5548,0.2452,0.2,0.1419,0.4387,0.4194,9015
2019,"Justin Smoak","TOR",500,0.856060606,0.207119741,0.365695792,0.427184466,0.068181818,0.166666666,0.026548672,0,0.479,0.3495,0.1715,0.1424,0.4304,0.4272,9054
2019,"Lorenzo Cain","MIL",623,2.081081081,0.256521739,0.502173913,0.241304347,0.081081081,0.099099099,0.069264069,0,0.3152,0.3609,0.3239,0.163,0.4717,0.3652,9077
2019,"Khris Davis","OAK",533,1.126984126,0.204747774,0.421364985,0.37388724,0.071428571,0.182539682,0.049295774,0,0.4036,0.3591,0.2374,0.1187,0.4214,0.4599,9112
2019,"Tyler Flowers","ATL",310,1.310344827,0.202380952,0.452380952,0.345238095,0.120689655,0.189655172,0.078947368,0,0.4226,0.3333,0.244,0.1429,0.4405,0.4167,9134
2019,"Buster Posey","SFG",445,1.726315789,0.226865671,0.489552238,0.283582089,0.042105263,0.07368421,0.024390243,0,0.3482,0.3542,0.2976,0.1339,0.5089,0.3571,9166
2019,"Paul Goldschmidt","STL",682,0.976608187,0.221198156,0.384792626,0.394009216,0.087719298,0.198830409,0.101796407,0,0.3802,0.3756,0.2442,0.1452,0.3802,0.4747,9218
2019,"Starling Marte","PIT",586,1.79032258,0.213636363,0.504545454,0.281818181,0.056451612,0.18548387,0.067567567,0.454545454,0.3969,0.3503,0.2528,0.1907,0.4324,0.3769,9241
2019,"Keon Broxton","3 Tms",228,1.424242424,0.166666666,0.489583333,0.34375,0.121212121,0.181818181,0.085106382,0.142857142,0.3689,0.3592,0.2718,0.1845,0.5146,0.301,9253
2019,"A.J. Pollock","LAD",342,1.183908045,0.198312236,0.434599156,0.367088607,0.126436781,0.172413793,0.077669902,0,0.4706,0.3235,0.2059,0.1723,0.3908,0.437,9256
2019,"Chris Davis","BAL",352,0.984848484,0.233918128,0.380116959,0.385964912,0.015151515,0.181818181,0.03076923,0,0.3918,0.386,0.2222,0.1111,0.5088,0.3801,9272
2019,"Josh Phegley","OAK",342,0.872549019,0.25390625,0.34765625,0.3984375,0.117647058,0.117647058,0.101123595,0,0.5155,0.2713,0.2132,0.1783,0.4767,0.345,9308
2019,"Brock Holt","BOS",295,1.719298245,0.247572815,0.475728155,0.276699029,0.105263157,0.052631578,0.051020408,0,0.3592,0.3835,0.2573,0.1456,0.5,0.3544,9345
2019,"Evan Longoria","SFG",508,1.100775193,0.216763005,0.410404624,0.372832369,0.046511627,0.155038759,0.063380281,0,0.3931,0.3988,0.2081,0.1098,0.448,0.4422,9368
2019,"Matt Adams","WSN",333,0.693181818,0.235897435,0.312820512,0.451282051,0.125,0.227272727,0.081967213,1,0.5153,0.2806,0.2041,0.1888,0.4235,0.3878,9393
2019,"Yan Gomes","WSN",358,0.938144329,0.186147186,0.393939393,0.419913419,0.092783505,0.12371134,0.076923076,0,0.4199,0.329,0.2511,0.1732,0.4978,0.329,9627
2019,"Christian Vazquez","BOS",521,1.041666666,0.230366492,0.392670157,0.37696335,0.069444444,0.159722222,0.033333333,0.2,0.3618,0.3514,0.2868,0.1266,0.5375,0.3359,9774
2019,"Jason Kipnis","CLE",511,0.967320261,0.188679245,0.398921832,0.412398921,0.104575163,0.111111111,0.087837837,0.5,0.4331,0.3438,0.2231,0.1444,0.4882,0.3675,9776
2019,"Nolan Arenado","COL",662,0.804444444,0.192842942,0.359840954,0.447316103,0.151111111,0.182222222,0.08839779,0,0.4254,0.3439,0.2306,0.169,0.4095,0.4215,9777
2019,"Kyle Seager","SEA",443,0.748148148,0.233766233,0.327922077,0.438311688,0.081481481,0.17037037,0.05940594,1,0.3916,0.3657,0.2427,0.1133,0.5081,0.3786,9785
2019,"Brian Dozier","WSN",482,0.802919708,0.205787781,0.353697749,0.440514469,0.153284671,0.145985401,0.063636363,1,0.5417,0.2596,0.1987,0.1827,0.4295,0.3878,9810
2019,"Andrew McCutchen","PHI",262,1.233333333,0.182926829,0.451219512,0.365853658,0.133333333,0.166666666,0.013513513,0,0.4573,0.3232,0.2195,0.128,0.5061,0.3659,9847
2019,"DJ LeMahieu","NYY",655,1.911111111,0.236893203,0.500970873,0.262135922,0.051851851,0.192592592,0.081395348,0,0.2785,0.3849,0.3366,0.1431,0.4526,0.4043,9874
2019,"Jay Bruce","2 Tms",333,0.528,0.173160173,0.285714285,0.541125541,0.064,0.208,0.075757575,0,0.4416,0.2814,0.2771,0.1775,0.3896,0.4329,9892
2019,"Brett Gardner","NYY",549,1.158620689,0.176315789,0.442105263,0.381578947,0.124137931,0.193103448,0.06547619,0.5,0.4623,0.3299,0.2078,0.2052,0.4545,0.3403,9927
2019,"Chris Owings","2 Tms",196,2.071428571,0.148514851,0.574257425,0.277227722,0.071428571,0.107142857,0.051724137,0,0.4216,0.3137,0.2647,0.1471,0.4608,0.3922,10030
2019,"Wil Myers","SDP",490,1.228260869,0.217557251,0.431297709,0.351145038,0.130434782,0.195652173,0.088495575,0.571428571,0.4647,0.3197,0.2156,0.1747,0.3532,0.4721,10047
2019,"Jonathan Villar","BAL",714,1.5625,0.197826086,0.489130434,0.313043478,0.076388888,0.166666666,0.062222222,0.333333333,0.3962,0.3369,0.2669,0.2182,0.4915,0.2903,10071
2019,"Mike Trout","LAA",600,0.494252873,0.265536723,0.242937853,0.491525423,0.097701149,0.258620689,0.116279069,0,0.4237,0.3333,0.2429,0.1299,0.4322,0.4379,10155
2019,"Billy Hamilton","2 Tms",352,1.061728395,0.247747747,0.387387387,0.364864864,0.209876543,0,0.104651162,0.333333333,0.412,0.3219,0.2661,0.2618,0.5021,0.2361,10199
2019,"Tucker Barnhart","CIN",364,1.413333333,0.223175965,0.454935622,0.321888412,0.106666666,0.146666666,0.018867924,0,0.434,0.3021,0.2638,0.166,0.4979,0.3362,10200
2019,"Jose Iglesias","CIN",530,2.161904761,0.236781609,0.52183908,0.24137931,0.095238095,0.104761904,0.061674008,0.5,0.3822,0.3661,0.2517,0.1968,0.4966,0.3066,10231
2019,"Randal Grichuk","TOR",628,0.927374301,0.188235294,0.390588235,0.42117647,0.145251396,0.173184357,0.06626506,0,0.4706,0.3247,0.2047,0.1929,0.4353,0.3718,10243
2019,"Brandon Belt","SFG",616,0.58031088,0.229797979,0.282828282,0.487373737,0.077720207,0.088082901,0,1,0.4144,0.3275,0.2581,0.1365,0.4566,0.4069,10264
2019,"Danny Santana","TEX",511,1.147826086,0.246951219,0.402439024,0.350609756,0.060869565,0.24347826,0.075757575,0,0.4207,0.3201,0.2591,0.128,0.4238,0.4482,10322
2019,"Marcell Ozuna","STL",549,1.175572519,0.233870967,0.413978494,0.352150537,0.099236641,0.221374045,0.071428571,0,0.4946,0.3172,0.1882,0.1183,0.4005,0.4812,10324
2019,"Domingo Santana","SEA",507,1.382022471,0.266435986,0.425605536,0.307958477,0.011235955,0.235955056,0.073170731,0,0.3945,0.346,0.2595,0.1315,0.4498,0.4187,10348
2019,"Adeiny Hechavarria","2 Tms",221,1.237288135,0.148387096,0.470967741,0.380645161,0.033898305,0.152542372,0.09589041,0,0.4103,0.3526,0.2372,0.1603,0.4487,0.391,10459
2019,"Enrique Hernandez","LAD",460,0.834532374,0.205607476,0.361370716,0.433021806,0.129496402,0.122302158,0.017241379,0,0.4393,0.3178,0.243,0.162,0.433,0.405,10472
2019,"Cheslor Cuthbert","KCR",330,1.084210526,0.181818181,0.425619834,0.392561983,0.2,0.094736842,0.058252427,0,0.4256,0.343,0.2314,0.186,0.4421,0.3719,10473
2019,"Derek Dietrich","CIN",306,0.717647058,0.170454545,0.346590909,0.482954545,0.164705882,0.223529411,0.016393442,0.5,0.4831,0.2809,0.236,0.236,0.3764,0.3876,10542
2019,"Cesar Hernandez","PHI",667,1.693877551,0.2265625,0.486328125,0.287109375,0.1292517,0.095238095,0.088353413,1,0.3798,0.3314,0.2888,0.2112,0.4612,0.3275,10556
2019,"Gio Urshela","NYY",476,1.233333333,0.253481894,0.412256267,0.334261838,0.1,0.175,0.04054054,0,0.3928,0.3705,0.2368,0.1281,0.4318,0.4401,10681
2019,"Corey Dickerson","2 Tms",279,0.9375,0.251207729,0.36231884,0.386473429,0.175,0.15,0.106666666,0,0.3382,0.2947,0.3671,0.2126,0.3961,0.3913,10762
2019,"Jurickson Profar","OAK",518,1.118881118,0.217054263,0.413436692,0.369509043,0.188811188,0.139860139,0.0125,0,0.4987,0.2765,0.2248,0.2196,0.4031,0.3773,10815
2019,"Andrelton Simmons","LAA",424,1.701754385,0.144444444,0.538888888,0.316666666,0.149122807,0.061403508,0.036082474,0,0.4986,0.3296,0.1717,0.1939,0.4626,0.3435,10847
2019,"Greg Garcia","SDP",372,2.384615384,0.217777777,0.551111111,0.231111111,0.057692307,0.076923076,0.064516129,0.666666666,0.2727,0.381,0.3463,0.2035,0.4762,0.3203,10951
2019,"Kevin Kiermaier","TBR",480,1.83,0.172514619,0.535087719,0.29239766,0.09,0.14,0.06557377,0,0.3884,0.3913,0.2203,0.1942,0.4754,0.3304,11038
2019,"Kole Calhoun","LAA",632,1.104166666,0.223076923,0.407692307,0.369230769,0.083333333,0.229166666,0.012578616,0.5,0.5051,0.2934,0.2015,0.1352,0.4413,0.4235,11200
2019,"Adam Eaton","WSN",656,0.978021978,0.2,0.395555555,0.404444444,0.093406593,0.082417582,0.101123595,0.409090909,0.3284,0.3517,0.3199,0.1949,0.464,0.3411,11205
2019,"Mike Freeman","CLE",213,1.9,0.25,0.49137931,0.258620689,0.066666666,0.133333333,0.070175438,0.1,0.3492,0.3413,0.3095,0.127,0.5317,0.3413,11241
2019,"Jonathan Schoop","MIN",464,1.179487179,0.198113207,0.433962264,0.367924528,0.196581196,0.196581196,0.057971014,0,0.4654,0.3302,0.2044,0.2358,0.3774,0.3868,11265
2019,"Whit Merrifield","KCR",735,1.135869565,0.285454545,0.38,0.334545454,0.070652173,0.086956521,0.105263157,0.5,0.3656,0.3548,0.2796,0.138,0.4785,0.3835,11281
2019,"Jake Marisnick","HOU",318,1.242857142,0.182291666,0.453125,0.364583333,0.1,0.142857142,0.08045977,0.125,0.43,0.31,0.26,0.22,0.465,0.315,11339
2019,"Jesus Aguilar","2 Tms",369,1.109890109,0.2,0.420833333,0.379166666,0.076923076,0.131868131,0.02970297,0,0.3708,0.3667,0.2625,0.1667,0.4167,0.4167,11342
2019,"Yasmani Grandal","MIL",632,1.027972027,0.228723404,0.390957446,0.380319148,0.125874125,0.195804195,0.034013605,0.333333333,0.3984,0.343,0.2586,0.1478,0.3984,0.4538,11368
2019,"Delino DeShields","TEX",408,1.316455696,0.25,0.426229508,0.323770491,0.126582278,0.050632911,0.076923076,0.347826086,0.3296,0.367,0.3034,0.1348,0.5543,0.3109,11379
2019,"Gary Sanchez","NYY",446,0.674418604,0.202952029,0.32103321,0.47601476,0.155038759,0.263565891,0.08045977,0,0.4982,0.2952,0.2066,0.1993,0.3801,0.4207,11442
2019,"Mark Canha","OAK",497,1.008064516,0.183606557,0.409836065,0.406557377,0.18548387,0.209677419,0.096,0,0.4951,0.2951,0.2098,0.1836,0.4197,0.3967,11445
2019,"Tony Wolters","COL",411,1.54117647,0.26779661,0.444067796,0.288135593,0.070588235,0.011764705,0.076335877,0,0.3545,0.3712,0.2742,0.1605,0.5385,0.301,11470
2019,"Christian Yelich","MIL",580,1.201492537,0.209115281,0.431635388,0.359249329,0.074626865,0.328358208,0.062111801,0,0.393,0.3743,0.2326,0.1444,0.3476,0.508,11477
2019,"Manny Machado","SDP",661,1.015789473,0.17099567,0.417748917,0.411255411,0.136842105,0.168421052,0.056994818,0,0.3701,0.3593,0.2706,0.1905,0.3745,0.4351,11493
2019,"Bryce Harper","PHI",682,1.013422818,0.23857868,0.38324873,0.378172588,0.053691275,0.234899328,0.066225165,0.8,0.3784,0.3784,0.2431,0.1053,0.4135,0.4812,11579
2019,"Yolmer Sanchez","CHW",555,1.21641791,0.212201591,0.432360742,0.355437665,0.097014925,0.014925373,0.073619631,0.25,0.3136,0.3445,0.3419,0.2057,0.5219,0.2725,11602
2019,"Willson Contreras","CHC",409,1.477272727,0.158301158,0.501930501,0.339768339,0.079545454,0.272727272,0.076923076,1,0.4115,0.3269,0.2615,0.2154,0.4154,0.3692,11609
2019,"Brandon Drury","TOR",447,1.228571428,0.24025974,0.418831168,0.34090909,0.2,0.142857142,0.023255813,0,0.4675,0.3247,0.2078,0.2435,0.3734,0.3831,11615
2019,"Elias Diaz","PIT",332,1.512820512,0.212851405,0.473895582,0.313253012,0.102564102,0.025641025,0.059322033,0,0.2988,0.3546,0.3466,0.2669,0.4183,0.3147,11680
2019,"Nicholas Castellanos","2 Tms",664,0.952127659,0.227368421,0.376842105,0.395789473,0.021276595,0.143617021,0.122905027,0,0.4084,0.3284,0.2632,0.1263,0.4463,0.4274,11737
2019,"J.T. Realmuto","PHI",593,1.037735849,0.234042553,0.390070921,0.375886524,0.088050314,0.157232704,0.09090909,0,0.4421,0.3168,0.2411,0.1418,0.4019,0.4563,11739
2019,"Leonys Martin","CLE",264,0.939393939,0.15231788,0.410596026,0.437086092,0.212121212,0.136363636,0.064516129,0.3,0.3975,0.3416,0.2609,0.1988,0.4969,0.3043,11846
2019,"Ronny Rodriguez","DET",294,0.879518072,0.1875,0.380208333,0.432291666,0.180722891,0.168674698,0.06849315,0.428571428,0.5729,0.2663,0.1608,0.1809,0.4121,0.407,11875
2019,"Joc Pederson","LAD",514,1.021582733,0.173529411,0.417647058,0.408823529,0.158273381,0.258992805,0.042253521,1,0.4897,0.3314,0.1789,0.1642,0.3842,0.4516,11899
2019,"Hanser Alberto","BAL",550,1.44,0.207792207,0.467532467,0.324675324,0.06,0.08,0.083333333,0.5,0.4354,0.3438,0.2208,0.175,0.5792,0.2458,11902
2019,"Joe Panik","2 Tms",491,1.278195488,0.229007633,0.432569974,0.338422391,0.090225563,0.037593984,0.035294117,0.5,0.3577,0.3753,0.267,0.1864,0.4458,0.3678,11936
2019,"Travis Shaw","MIL",270,0.579710144,0.221428571,0.285714285,0.492857142,0.115942028,0.101449275,0,0,0.4468,0.305,0.2482,0.1844,0.461,0.3546,11982
2019,"Jon Berti","MIA",287,2.552631578,0.262295081,0.530054644,0.207650273,0.105263157,0.157894736,0.113402061,0,0.3478,0.3641,0.288,0.1957,0.4402,0.3641,12037
2019,"Niko Goodrum","DET",472,1.3,0.276223776,0.409090909,0.314685314,0.066666666,0.133333333,0.076923076,0,0.4146,0.3206,0.2648,0.1394,0.4599,0.4007,12092
2019,"Max Kepler","MIN",596,0.775,0.172494172,0.361305361,0.466200466,0.155,0.18,0.058064516,0,0.5338,0.2681,0.1981,0.1958,0.38,0.4242,12144
2019,"Nick Ahmed","ARI",625,1.520833333,0.198675496,0.483443708,0.317880794,0.0625,0.131944444,0.05479452,0.333333333,0.3684,0.3904,0.2412,0.1667,0.4561,0.3772,12147
2019,"Eddie Rosario","MIN",590,0.886699507,0.203742203,0.374220374,0.422037422,0.1182266,0.157635467,0.044444444,1,0.4876,0.3071,0.2054,0.1535,0.4585,0.388,12155
2019,"Austin Barnes","LAD",242,0.984848484,0.165605095,0.414012738,0.420382165,0.121212121,0.075757575,0.061538461,1,0.3797,0.3608,0.2595,0.2215,0.443,0.3354,12158
2019,"Ben Gamel","MIL",356,1.524590163,0.263157894,0.444976076,0.291866028,0.032786885,0.114754098,0.064516129,0,0.3062,0.3876,0.3062,0.1435,0.4785,0.378,12160
2019,"Xander Bogaerts","BOS",698,1.035353535,0.190763052,0.411646586,0.397590361,0.06060606,0.166666666,0.102439024,0,0.4257,0.3293,0.245,0.1406,0.4719,0.3876,12161
2019,"Miguel Sano","MIN",439,0.88172043,0.211711711,0.369369369,0.418918918,0.086021505,0.365591397,0.085365853,0,0.5541,0.2928,0.1532,0.0901,0.3829,0.527,12164
2019,"Maikel Franco","PHI",428,1.075187969,0.166163141,0.432024169,0.401812688,0.240601503,0.127819548,0.062937062,0,0.4653,0.3021,0.2326,0.2326,0.435,0.3323,12179
2019,"Jorge Alfaro","MIA",465,2.070422535,0.218637992,0.52688172,0.254480286,0,0.253521126,0.088435374,0,0.3226,0.3692,0.3082,0.1792,0.3835,0.4373,12180
2019,"Rougned Odor","TEX",581,0.725,0.173652694,0.347305389,0.479041916,0.1375,0.1875,0.060344827,0.5,0.474,0.3353,0.1908,0.1792,0.3642,0.4566,12282
2019,"Kevan Smith","LAA",211,2.2,0.277419354,0.496774193,0.225806451,0.028571428,0.142857142,0.012987012,0,0.329,0.3355,0.3355,0.1419,0.4581,0.4,12284
2019,"Tommy La Stella","LAA",321,1.367816091,0.213740458,0.454198473,0.332061068,0.103448275,0.183908045,0.025210084,0.5,0.3977,0.3371,0.2652,0.1439,0.4242,0.4318,12371
2019,"Kevin Pillar","2 Tms",645,1.215789473,0.196564885,0.440839694,0.362595419,0.152631578,0.110526315,0.073593073,0.4,0.4802,0.2968,0.2231,0.2023,0.4253,0.3724,12434
2019,"Curt Casali","CIN",236,0.6875,0.284768211,0.291390728,0.423841059,0.078125,0.125,0.09090909,0,0.4238,0.2914,0.2848,0.1722,0.4437,0.3841,12510
2019,"Kolten Wong","STL",549,1.235294117,0.204188481,0.439790575,0.356020942,0.117647058,0.080882352,0.095238095,0.458333333,0.3793,0.3645,0.2562,0.2069,0.4532,0.3399,12532
2019,"Marcus Semien","OAK",747,1.055555555,0.2,0.41081081,0.389189189,0.087962962,0.152777777,0.061403508,0,0.4406,0.3147,0.2446,0.1493,0.4317,0.4191,12533
2019,"C.J. Cron","MIN",499,1.1640625,0.21529745,0.422096317,0.362606232,0.078125,0.1953125,0.060402684,0,0.4164,0.3456,0.238,0.1671,0.4221,0.4108,12546
2019,"John Hicks","DET",333,1.011904761,0.1875,0.408653846,0.403846153,0.154761904,0.154761904,0.070588235,0,0.4597,0.3365,0.2038,0.1943,0.4265,0.3791,12547
2019,"Eugenio Suarez","CIN",662,0.84939759,0.216836734,0.359693877,0.423469387,0.114457831,0.295180722,0.063829787,0,0.5204,0.2679,0.2117,0.1505,0.3827,0.4668,12552
2019,"Trevor Story","COL",656,0.789772727,0.242788461,0.334134615,0.423076923,0.073863636,0.198863636,0.071942446,1,0.3957,0.3213,0.283,0.1223,0.4365,0.4412,12564
2019,"Alex Dickerson","2 Tms",190,0.854545454,0.233082706,0.353383458,0.413533834,0.09090909,0.109090909,0.063829787,0,0.391,0.3459,0.2632,0.1504,0.4436,0.406,12649
2019,"George Springer","HOU",556,1.25,0.197297297,0.445945945,0.356756756,0.083333333,0.295454545,0.078787878,0,0.4027,0.3703,0.227,0.1649,0.3838,0.4514,12856
2019,"Brian Goodwin","LAA",458,0.75609756,0.244755244,0.325174825,0.43006993,0.113821138,0.138211382,0.064516129,0.5,0.3681,0.4028,0.2292,0.1736,0.4479,0.3785,12858
2019,"James McCann","CHW",476,1.381443298,0.235099337,0.443708609,0.321192052,0.072164948,0.18556701,0.037313432,0,0.3762,0.3201,0.3036,0.1386,0.462,0.3993,12859
2019,"Anthony Rendon","WSN",646,0.724299065,0.211538461,0.331196581,0.457264957,0.102803738,0.158878504,0.051612903,0,0.4209,0.3291,0.25,0.1688,0.3846,0.4466,12861
2019,"Francisco Lindor","CLE",654,1.195652173,0.196819085,0.437375745,0.365805168,0.135869565,0.173913043,0.059090909,0,0.4458,0.3294,0.2249,0.1637,0.4142,0.4221,12916
2019,"Brandon Nimmo","NYM",254,1.020408163,0.232558139,0.387596899,0.379844961,0.040816326,0.163265306,0,0.333333333,0.3939,0.3106,0.2955,0.1439,0.5,0.3561,12927
2019,"Jose Osuna","PIT",285,1.492753623,0.207373271,0.474654377,0.31797235,0.072463768,0.144927536,0.058252427,0,0.3779,0.3456,0.2765,0.1889,0.47,0.341,12937
2019,"Austin Hedges","SDP",347,0.688172043,0.222772277,0.316831683,0.460396039,0.161290322,0.118279569,0.03125,0.25,0.5049,0.3155,0.1796,0.233,0.4515,0.3155,12976
2019,"Javier Baez","CHC",561,1.588235294,0.180851063,0.502659574,0.316489361,0.033613445,0.243697478,0.105820105,0,0.3607,0.3607,0.2785,0.1804,0.4456,0.374,12979
2019,"Jackie Bradley Jr.","BOS",567,1.48245614,0.170087976,0.495601173,0.33431085,0.087719298,0.184210526,0.047337278,0,0.4215,0.3459,0.2326,0.1599,0.4826,0.3576,12984
2019,"Teoscar Hernandez","TOR",464,0.903508771,0.178030303,0.390151515,0.431818181,0.122807017,0.228070175,0.077669902,0,0.4868,0.2906,0.2226,0.1623,0.4,0.4377,13066
2019,"Josh Bell","PIT",613,1.180645161,0.1875,0.439903846,0.372596153,0.064516129,0.238709677,0.032786885,0,0.4255,0.3317,0.2428,0.1322,0.4135,0.4543,13145
2019,"Jorge Polanco","MIN",704,0.657894736,0.263157894,0.29239766,0.444444444,0.070175438,0.096491228,0.08,0.545454545,0.374,0.3645,0.2615,0.1527,0.4523,0.395,13152
2019,"Orlando Arcia","MIL",546,1.680672268,0.179948586,0.514138817,0.305912596,0.100840336,0.12605042,0.075,0.5,0.3715,0.3639,0.2646,0.1959,0.4733,0.3308,13185
2019,"Mike Zunino","TBR",289,0.883116883,0.136904761,0.404761904,0.458333333,0.181818181,0.116883116,0.044117647,0,0.4464,0.3393,0.2143,0.2083,0.4048,0.3869,13265
2019,"Max Muncy","LAD",589,0.977272727,0.234604105,0.37829912,0.387096774,0.037878787,0.265151515,0.100775193,1,0.4415,0.3216,0.2368,0.114,0.4298,0.4561,13301
2019,"Ildemaro Vargas","ARI",211,2.113636363,0.2259887,0.525423728,0.24858757,0.136363636,0.136363636,0.032258064,0,0.3933,0.3483,0.2584,0.1798,0.4775,0.3427,13324
2019,"Jake Lamb","ARI",226,1.019607843,0.225563909,0.390977443,0.383458646,0.058823529,0.117647058,0.038461538,0,0.3955,0.3955,0.209,0.1119,0.3582,0.5299,13329
2019,"Omar Narvaez","SEA",482,0.817518248,0.263313609,0.331360946,0.405325443,0.0729927,0.160583941,0.017857142,0,0.3864,0.3333,0.2802,0.1829,0.5192,0.2979,13338
2019,"Bubba Starling","KCR",197,1.255813953,0.236220472,0.42519685,0.338582677,0.116279069,0.093023255,0.092592592,0.5,0.4885,0.2977,0.2137,0.2366,0.4733,0.2901,13356
2019,"Tyler Naquin","CLE",294,1.213333333,0.205741626,0.435406698,0.358851674,0.133333333,0.133333333,0.043956043,0,0.4057,0.316,0.2783,0.1934,0.4009,0.4057,13359
2019,"Stephen Piscotty","OAK",393,1.222222222,0.20289855,0.438405797,0.358695652,0.03030303,0.131313131,0.041322314,0,0.3466,0.4116,0.2419,0.1047,0.4982,0.3971,13367
2019,"Christian Walker","ARI",603,1.083333333,0.2,0.416,0.384,0.118055555,0.201388888,0.032051282,0,0.3947,0.3653,0.24,0.1413,0.3973,0.4613,13419
2019,"Dwight Smith Jr","BAL",392,1.378947368,0.187050359,0.471223021,0.341726618,0.105263157,0.136842105,0.106870229,0.5,0.3571,0.3571,0.2857,0.2036,0.5036,0.2929,13473
2019,"Tom Murphy","SEA",281,0.74074074,0.189655172,0.344827586,0.465517241,0.061728395,0.222222222,0.05,0,0.5057,0.2874,0.2069,0.1667,0.454,0.3793,13499
2019,"Jose  Ramirez","CLE",542,0.708333333,0.205811138,0.32929782,0.464891041,0.104166666,0.119791666,0.06617647,0,0.4879,0.2923,0.2198,0.1787,0.4179,0.4034,13510
2019,"Jesse Winker","CIN",384,1.956521739,0.263537906,0.48736462,0.249097472,0.04347826,0.231884057,0.007407407,0,0.3993,0.3633,0.2374,0.1547,0.4353,0.4101,13590
2019,"Jose Peraza","CIN",403,0.844444444,0.214511041,0.359621451,0.425867507,0.096296296,0.044444444,0.035087719,0.666666666,0.3281,0.3719,0.3,0.2,0.4813,0.3188,13593
2019,"Mallex Smith","SEA",566,1.697247706,0.190082644,0.509641873,0.300275482,0.082568807,0.055045871,0.102702702,0.222222222,0.3172,0.3683,0.3145,0.25,0.4866,0.2634,13608
2019,"Mookie Betts","BOS",706,0.719457013,0.247524752,0.314851485,0.437623762,0.099547511,0.131221719,0.062893081,0,0.4356,0.3366,0.2277,0.1149,0.4554,0.4297,13611
2019,"Ketel Marte","ARI",628,1.238095238,0.221532091,0.430641821,0.347826086,0.083333333,0.19047619,0.04326923,1,0.4371,0.3546,0.2082,0.1567,0.4247,0.4186,13613
2019,"Carson Kelly","ARI",365,0.907216494,0.216101694,0.372881355,0.411016949,0.103092783,0.18556701,0.034090909,0,0.4153,0.3686,0.2161,0.178,0.3347,0.4873,13620
2019,"Jeimer Candelario","DET",386,0.936170212,0.228813559,0.372881355,0.398305084,0.09574468,0.085106382,0.045454545,0,0.4768,0.3291,0.1941,0.1983,0.4262,0.3755,13621
2019,"Corey Seager","LAD",541,0.993548387,0.217721518,0.389873417,0.392405063,0.04516129,0.122580645,0.058441558,0,0.3722,0.3468,0.281,0.1468,0.4304,0.4228,13624
2019,"Jacob Stallings","PIT",210,1.411764705,0.185430463,0.476821192,0.337748344,0.058823529,0.117647058,0,0,0.4539,0.2895,0.2566,0.1711,0.4803,0.3487,13723
2019,"David Dahl","COL",413,1.275862068,0.261194029,0.414179104,0.324626865,0.022988505,0.172413793,0.045045045,0,0.369,0.3542,0.2768,0.1328,0.5018,0.3653,13744
2019,"Chris Taylor","LAD",414,1.09090909,0.272727272,0.37944664,0.347826086,0.022727272,0.136363636,0.083333333,0.2,0.3488,0.3295,0.3217,0.1395,0.4806,0.3798,13757
2019,"Adalberto Mondesi","KCR",443,1.381443298,0.192307692,0.468531468,0.339160839,0.092783505,0.092783505,0.089552238,0.2,0.4605,0.3265,0.2131,0.1993,0.4227,0.378,13769
2019,"Joey Wendle","TBR",263,1.365079365,0.231958762,0.443298969,0.324742268,0.031746031,0.047619047,0.069767441,0,0.3454,0.4072,0.2474,0.1598,0.5206,0.3196,13853
2019,"Rio Ruiz","BAL",413,1.3125,0.212765957,0.44680851,0.340425531,0.125,0.125,0.055555555,0.666666666,0.4386,0.3509,0.2105,0.1965,0.4561,0.3474,14103
2019,"Addison Russell","CHC",241,1.381818181,0.170886075,0.481012658,0.348101265,0.054545454,0.163636363,0.052631578,0.5,0.3938,0.3188,0.2875,0.2,0.4875,0.3125,14106
2019,"Albert Almora Jr.","CHC",363,1.884615384,0.187725631,0.53068592,0.281588447,0.179487179,0.153846153,0.061224489,0,0.3345,0.3944,0.2711,0.2394,0.4542,0.3063,14109
2019,"Joey Gallo","TEX",297,0.576271186,0.256,0.272,0.472,0.118644067,0.372881355,0.088235294,0.75,0.5271,0.2636,0.2093,0.1318,0.3488,0.5194,14128
2019,"Daniel Vogelbach","SEA",558,0.737588652,0.222222222,0.33015873,0.447619047,0.078014184,0.212765957,0.038461538,0,0.4127,0.3397,0.2476,0.1937,0.4222,0.3841,14130
2019,"Daniel Robertson","TBR",237,1.902439024,0.19047619,0.530612244,0.278911564,0.073170731,0.048780487,0.064102564,1,0.3716,0.3176,0.3108,0.1892,0.4865,0.3243,14145
2019,"Byron Buxton","MIN",295,0.606060606,0.220588235,0.294117647,0.485294117,0.181818181,0.101010101,0.066666666,0,0.4951,0.3155,0.1893,0.2039,0.4417,0.3544,14161
2019,"Carlos Correa","HOU",321,0.987804878,0.212560386,0.391304347,0.396135265,0.097560975,0.25609756,0.135802469,0,0.3865,0.3478,0.2657,0.2077,0.343,0.4493,14162
2019,"Jorge Soler","KCR",679,0.953216374,0.195180722,0.392771084,0.412048192,0.087719298,0.280701754,0.067484662,0,0.4675,0.3108,0.2217,0.1301,0.4024,0.4675,14221
2019,"Yasiel Puig","2 Tms",611,0.936416184,0.211764705,0.38117647,0.407058823,0.12716763,0.138728323,0.129629629,0,0.3615,0.3427,0.2958,0.2019,0.4108,0.3873,14225
2019,"Mitch Haniger","SEA",283,0.773333333,0.203592814,0.347305389,0.449101796,0.146666666,0.2,0.051724137,0,0.503,0.3054,0.1916,0.2096,0.4371,0.3533,14274
2019,"Matt Olson","OAK",547,0.703947368,0.240469208,0.313782991,0.4457478,0.138157894,0.236842105,0.056074766,1,0.5173,0.3006,0.1821,0.1561,0.341,0.5029,14344
2019,"Raimel Tapia","COL",447,2,0.224615384,0.516923076,0.258461538,0.023809523,0.107142857,0.035714285,0,0.3497,0.3742,0.2761,0.1718,0.5276,0.3006,14350
2019,"Lewis Brinson","MIA",248,1.470588235,0.171052631,0.493421052,0.335526315,0.098039215,0,0.066666666,0,0.4129,0.3548,0.2323,0.1871,0.4129,0.4,14352
2019,"Harold Ramirez","MIA",446,2.5,0.196374622,0.574018126,0.22960725,0.105263157,0.144736842,0.121052631,0,0.3625,0.3565,0.281,0.1782,0.4713,0.3505,14387
2019,"Ronald Guzman","TEX",295,1.084745762,0.289017341,0.369942196,0.341040462,0.084745762,0.169491525,0.046875,0,0.3873,0.3121,0.3006,0.185,0.422,0.3931,14388
2019,"Jake Cave","MIN",228,2.428571428,0.25,0.53125,0.21875,0,0.285714285,0.044117647,0,0.4141,0.3359,0.25,0.0547,0.4219,0.5234,14477
2019,"Renato Nunez","BAL",599,0.704301075,0.211442786,0.325870646,0.462686567,0.177419354,0.166666666,0.053435114,0,0.4428,0.296,0.2612,0.204,0.4303,0.3657,14503
2019,"Pedro Severino","BAL",341,1.081395348,0.231759656,0.39914163,0.369098712,0.174418604,0.15116279,0.075268817,0,0.4851,0.3447,0.1702,0.1957,0.4723,0.3319,14523
2019,"Anthony Santander","BAL",405,0.90625,0.175675675,0.391891891,0.432432432,0.125,0.15625,0.068965517,0,0.4597,0.302,0.2383,0.1913,0.4295,0.3792,14551
2019,"Nomar Mazara","TEX",469,1.429906542,0.204892966,0.467889908,0.327217125,0.074766355,0.177570093,0.045751633,0,0.3456,0.3211,0.3333,0.1927,0.3547,0.4526,14553
2019,"Franmil Reyes","2 Tms",548,1.277310924,0.214492753,0.44057971,0.344927536,0.075630252,0.310924369,0.039473684,0,0.3826,0.3855,0.2319,0.1391,0.3884,0.4725,14566
2019,"David Bote","CHC",356,1.859649122,0.231132075,0.5,0.268867924,0.105263157,0.192982456,0.103773584,0,0.4057,0.3443,0.25,0.1462,0.4906,0.3632,14593
2019,"Harold Castro","DET",369,2.333333333,0.250936329,0.524344569,0.224719101,0.033333333,0.083333333,0.028571428,0.333333333,0.293,0.4139,0.293,0.0989,0.5055,0.3956,14691
2019,"Manuel Margot","SDP",441,1.073170731,0.163934426,0.432786885,0.403278688,0.186991869,0.097560975,0.128787878,0.5,0.4473,0.3514,0.2013,0.2013,0.4633,0.3355,14712
2019,"Dawel Lugo","DET",288,1.721311475,0.235023041,0.483870967,0.28110599,0.016393442,0.098360655,0.076190476,0,0.3226,0.3687,0.3088,0.1521,0.5161,0.3318,14713
2019,"Phillip Ervin","CIN",260,1.061538461,0.234285714,0.394285714,0.371428571,0.123076923,0.107692307,0.057971014,0,0.3714,0.3429,0.2857,0.2,0.4229,0.3771,14738
2019,"Luke Voit","NYY",510,1.14,0.256944444,0.395833333,0.347222222,0.01,0.21,0.035087719,0,0.4792,0.316,0.2049,0.1319,0.4792,0.3889,14811
2019,"Kyle Farmer","CIN",197,1.136363636,0.241935483,0.403225806,0.354838709,0.136363636,0.204545454,0.1,0,0.488,0.264,0.248,0.176,0.424,0.4,14813
2019,"JaCoby Jones","DET",333,1.093333333,0.230392156,0.401960784,0.367647058,0.08,0.146666666,0.121951219,0,0.4293,0.3415,0.2293,0.1317,0.4341,0.4341,14818
2019,"Mike Yastrzemski","SFG",410,0.780701754,0.228136882,0.338403041,0.433460076,0.114035087,0.184210526,0.06741573,0.6,0.4195,0.2959,0.2846,0.1723,0.4007,0.427,14854
2019,"Tony Kemp","2 Tms",279,0.951807228,0.164948453,0.407216494,0.427835051,0.036144578,0.096385542,0.012658227,0.444444444,0.4926,0.2709,0.2365,0.1478,0.4975,0.3547,14894
2019,"Johan Camargo","ATL",248,1.220588235,0.201058201,0.439153439,0.359788359,0.102941176,0.102941176,0.060240963,0,0.4105,0.3,0.2895,0.2,0.4737,0.3263,14950
2019,"Victor Caratini","CHC",279,1.86,0.239361702,0.494680851,0.265957446,0.06,0.22,0.021505376,0,0.2713,0.4468,0.2819,0.1436,0.5213,0.3351,14968
2019,"Adam Engel","CHW",248,1.340425531,0.225352112,0.443661971,0.330985915,0.212765957,0.127659574,0.142857142,0.375,0.4133,0.3067,0.28,0.24,0.48,0.28,15082
2019,"Ryan McMahon","COL",539,1.820224719,0.213166144,0.50783699,0.278996865,0.056179775,0.269662921,0.043209876,0.333333333,0.3385,0.382,0.2795,0.146,0.413,0.441,15112
2019,"Hunter Dozier","KCR",586,0.784431137,0.215789473,0.344736842,0.439473684,0.101796407,0.155688622,0.083969465,0,0.4079,0.3447,0.2474,0.1395,0.4079,0.4526,15117
2019,"Tim Locastro","ARI",250,1.216666666,0.19879518,0.439759036,0.361445783,0.233333333,0.016666666,0.232876712,0,0.4765,0.3235,0.2,0.2529,0.4353,0.3118,15124
2019,"Trey Mancini","BAL",679,1.439189189,0.221982758,0.459051724,0.318965517,0.054054054,0.236486486,0.07511737,0,0.3578,0.375,0.2672,0.1573,0.472,0.3707,15149
2019,"Mitch Garver","MIN",359,0.822429906,0.137168141,0.38938053,0.473451327,0.093457943,0.289719626,0.068181818,0,0.5133,0.2743,0.2124,0.1814,0.3451,0.4735,15161
2019,"Josh VanMeter","CIN",260,0.873239436,0.226744186,0.360465116,0.412790697,0.112676056,0.112676056,0.016129032,0,0.4509,0.3468,0.2023,0.1214,0.4046,0.474,15170
2019,"Tim Anderson","CHW",518,1.759259259,0.237851662,0.485933503,0.276214833,0.046296296,0.166666666,0.089473684,0,0.3274,0.3708,0.3018,0.1816,0.4962,0.3223,15172
2019,"Ryan Cordell","CHW",247,0.846153846,0.172413793,0.379310344,0.448275862,0.23076923,0.107692307,0.127272727,0.2,0.4129,0.3355,0.2516,0.2258,0.471,0.3032,15181
2019,"Chad Pinder","OAK",370,1.666666666,0.21875,0.48828125,0.29296875,0.106666666,0.173333333,0.032,0,0.3658,0.3969,0.2374,0.1634,0.428,0.4086,15191
2019,"Jake Bauers","CLE",423,1.020618556,0.237354085,0.385214007,0.377431906,0.092783505,0.12371134,0.02020202,0.333333333,0.3923,0.3154,0.2923,0.1846,0.5038,0.3115,15194
2019,"Brandon Dixon","DET",420,0.903846153,0.235521235,0.362934362,0.401544401,0.134615384,0.144230769,0.053191489,0,0.3629,0.3784,0.2587,0.166,0.4208,0.4131,15214
2019,"Adam Frazier","PIT",608,1.242038216,0.258947368,0.410526315,0.330526315,0.050955414,0.063694267,0.046153846,0.333333333,0.3843,0.3285,0.2872,0.1839,0.5186,0.2975,15223
2019,"Mike Tauchman","NYY",296,1.253968253,0.248677248,0.417989417,0.333333333,0.031746031,0.206349206,0.037974683,0,0.3158,0.3316,0.3526,0.1526,0.5105,0.3368,15274
2019,"Garrett Cooper","MIA",421,2.253968253,0.246323529,0.522058823,0.231617647,0.079365079,0.238095238,0.042253521,0,0.3346,0.3419,0.3235,0.1875,0.4044,0.4081,15279
2019,"Jeff McNeil","NYM",567,1.248322147,0.220930232,0.432558139,0.346511627,0.060402684,0.154362416,0.086021505,0.5,0.4633,0.3142,0.2225,0.1124,0.5115,0.3761,15362
2019,"Kris Bryant","CHC",634,0.831395348,0.208542713,0.359296482,0.432160804,0.116279069,0.180232558,0.055944055,0.5,0.465,0.3,0.235,0.1675,0.475,0.3575,15429
2019,"Hunter Renfroe","SDP",494,0.757142857,0.157534246,0.363013698,0.479452054,0.114285714,0.235714285,0.047169811,0,0.5582,0.3116,0.1301,0.1541,0.3767,0.4692,15464
2019,"Aristides Aquino","CIN",225,0.772727272,0.204081632,0.346938775,0.448979591,0.196969696,0.287878787,0.039215686,0,0.4966,0.2857,0.2177,0.2041,0.4082,0.3878,15482
2019,"Victor Reyes","DET",292,1.709090909,0.287081339,0.449760765,0.263157894,0,0.054545454,0.053191489,0.6,0.2944,0.3785,0.3271,0.1121,0.486,0.4019,15487
2019,"J.P. Crawford","SEA",396,1.282608695,0.204545454,0.446969696,0.348484848,0.119565217,0.076086956,0.059322033,0,0.3843,0.347,0.2687,0.2276,0.4888,0.2836,15491
2019,"Amed Rosario","NYM",655,1.648275862,0.224242424,0.482828282,0.292929292,0.075862068,0.103448275,0.071129707,0,0.3038,0.4366,0.2596,0.1449,0.5211,0.334,15518
2019,"Tyler White","2 Tms",279,1.192982456,0.242424242,0.412121212,0.345454545,0.070175438,0.052631578,0.029411764,0,0.3939,0.3636,0.2424,0.1394,0.5091,0.3515,15564
2019,"Willians Astudillo","MIN",204,1.056338028,0.215053763,0.403225806,0.38172043,0.154929577,0.056338028,0.026666666,0,0.4247,0.371,0.2043,0.2258,0.4731,0.3011,15608
2019,"Aaron Judge","NYY",447,1.246753246,0.273109243,0.403361344,0.323529411,0.025974025,0.35064935,0.0625,0,0.3866,0.3445,0.2689,0.0924,0.3697,0.5378,15640
2019,"Dominic Smith","NYM",197,1.081632653,0.227272727,0.401515151,0.371212121,0.081632653,0.224489795,0.037735849,1,0.406,0.3308,0.2632,0.1579,0.4737,0.3684,15653
2019,"Billy McKinney","TOR",276,0.945205479,0.20670391,0.38547486,0.407821229,0.109589041,0.164383561,0.101449275,0.333333333,0.4945,0.3022,0.2033,0.1813,0.4451,0.3736,15654
2019,"Austin Meadows","TBR",591,0.795321637,0.230576441,0.34085213,0.428571428,0.099415204,0.192982456,0.051470588,0,0.4511,0.3484,0.2005,0.1328,0.4135,0.4536,15672
2019,"Jose Abreu","CHW",693,1.452229299,0.217479674,0.463414634,0.319105691,0.089171974,0.210191082,0.057017543,0,0.4431,0.2967,0.2602,0.1565,0.437,0.4065,15676
2019,"Rowdy Tellez","TOR",409,1.020618556,0.237354085,0.385214007,0.377431906,0.103092783,0.216494845,0.01010101,0,0.4202,0.393,0.1868,0.1556,0.428,0.4163,15679
2019,"Chance Sisco","BAL",198,0.909090909,0.2,0.38095238,0.419047619,0.022727272,0.181818181,0.05,0,0.4528,0.3491,0.1981,0.1321,0.4528,0.4151,15694
2019,"Aledmys Diaz","HOU",247,1.228571428,0.170212765,0.457446808,0.372340425,0.114285714,0.128571428,0.104651162,0,0.4681,0.3191,0.2128,0.1702,0.5053,0.3245,15937
2019,"Austin Nola","SEA",267,0.972222222,0.193181818,0.397727272,0.409090909,0.138888888,0.138888888,0.028571428,0,0.3446,0.3672,0.2881,0.2147,0.4463,0.339,15941
2019,"Clint Frazier","NYY",246,0.924242424,0.196202531,0.386075949,0.417721518,0.106060606,0.181818181,0.016393442,0,0.3797,0.3608,0.2595,0.1772,0.4747,0.3481,15983
2019,"Willy Adames","TBR",584,1.543859649,0.228723404,0.468085106,0.303191489,0.043859649,0.175438596,0.0625,0,0.3822,0.3586,0.2592,0.1335,0.445,0.4215,15986
2019,"Cody Bellinger","LAD",661,0.743455497,0.261640798,0.314855875,0.423503325,0.089005235,0.246073298,0.105633802,0.75,0.4791,0.3231,0.1978,0.1319,0.3758,0.4923,15998
2019,"Stevie Wilkerson","BAL",361,1.25,0.185520361,0.452488687,0.36199095,0.0875,0.125,0.04,0.666666666,0.4464,0.317,0.2366,0.1607,0.5089,0.3304,16041
2019,"Austin Slater","SFG",192,2.28,0.247706422,0.522935779,0.229357798,0,0.2,0.140350877,0,0.3303,0.3945,0.2752,0.2385,0.3119,0.4495,16153
2019,"J.D. Davis","NYM",453,1.557894736,0.228571428,0.469841269,0.301587301,0.042105263,0.231578947,0.074324324,0,0.3841,0.3778,0.2381,0.1143,0.4698,0.4159,16219
2019,"Trea Turner","WSN",569,1.440298507,0.200488997,0.47188264,0.327628361,0.149253731,0.141791044,0.093264248,1,0.4244,0.3268,0.2488,0.1707,0.4512,0.378,16252
2019,"Oscar Mercado","CLE",482,1.036764705,0.21529745,0.399433427,0.385269121,0.095588235,0.110294117,0.063829787,0.083333333,0.4082,0.3534,0.2384,0.1644,0.4384,0.3973,16375
2019,"Michael Conforto","NYM",648,0.900621118,0.23880597,0.360696517,0.400497512,0.074534161,0.204968944,0.04137931,0.333333333,0.4123,0.3111,0.2765,0.1358,0.4988,0.3654,16376
2019,"Francisco Mejia","SDP",244,0.813333333,0.195266272,0.360946745,0.443786982,0.186666666,0.106666666,0.098360655,1,0.5029,0.2865,0.2105,0.2164,0.4269,0.3567,16403
2019,"Jordan Luplow","CLE",261,1.03125,0.207317073,0.402439024,0.390243902,0.078125,0.234375,0.075757575,0,0.497,0.303,0.2,0.1152,0.4788,0.4061,16424
2019,"Ryan O'Hearn","KCR",370,1.289156626,0.177489177,0.463203463,0.359307359,0.096385542,0.168674698,0.037383177,0,0.4156,0.3463,0.2381,0.1429,0.4329,0.4242,16442
2019,"Rhys Hoskins","PHI",705,0.576354679,0.205955334,0.29032258,0.503722084,0.152709359,0.142857142,0.059829059,0,0.4739,0.3325,0.1935,0.1563,0.3821,0.4615,16472
2019,"Kyle Schwarber","CHC",610,0.898734177,0.197860962,0.379679144,0.422459893,0.088607594,0.240506329,0.056338028,0.8,0.4011,0.3087,0.2902,0.1266,0.4538,0.4195,16478
2019,"Matt Chapman","OAK",670,0.962962962,0.154897494,0.414578587,0.430523917,0.174603174,0.19047619,0.098901098,0,0.4237,0.3462,0.2301,0.1595,0.3872,0.4533,16505
2019,"Isiah Kiner-Falefa","TEX",222,1.509803921,0.168831168,0.5,0.331168831,0,0.019607843,0.025974025,0,0.3097,0.3742,0.3161,0.129,0.5097,0.3613,16512
2019,"Danny Jansen","TOR",383,0.945454545,0.204460966,0.3866171,0.408921933,0.136363636,0.118181818,0.038461538,0,0.5353,0.2454,0.2193,0.1747,0.4015,0.4238,16535
2019,"Ozzie Albies","ATL",702,1.036082474,0.254716981,0.379245283,0.366037735,0.077319587,0.12371134,0.089552238,0,0.4549,0.3383,0.2068,0.1485,0.4286,0.4229,16556
2019,"Yandy Diaz","TBR",347,1.5875,0.172,0.508,0.32,0.1,0.175,0.031496062,0,0.332,0.396,0.272,0.176,0.4,0.424,16578
2019,"Luis Urias","SDP",249,1.604166666,0.203821656,0.490445859,0.305732484,0.020833333,0.083333333,0.09090909,0.5,0.3459,0.3585,0.2956,0.1321,0.5031,0.3648,16622
2019,"Greg Allen","CLE",256,1.535714285,0.188571428,0.491428571,0.32,0.071428571,0.071428571,0.081395348,0.25,0.459,0.306,0.235,0.1694,0.5191,0.3115,16623
2019,"Colin Moran","PIT",503,1.362831858,0.241477272,0.4375,0.321022727,0.097345132,0.115044247,0.025974025,1,0.4278,0.3456,0.2266,0.1558,0.5014,0.3428,16909
2019,"Gleyber Torres","NYY",604,0.887005649,0.208530805,0.372037914,0.419431279,0.084745762,0.214689265,0.044585987,0,0.4444,0.3191,0.2364,0.1489,0.4539,0.3972,16997
2019,"Alex Verdugo","LAD",377,1.697674418,0.226666666,0.486666666,0.286666666,0.023255813,0.139534883,0.034246575,0,0.3767,0.38,0.2433,0.1733,0.39,0.4367,17027
2019,"Grayson Greiner","DET",224,1.622222222,0.151079136,0.525179856,0.323741007,0.177777777,0.111111111,0.04109589,0,0.35,0.3786,0.2714,0.1929,0.4143,0.3929,17062
2019,"Ramon Laureano","OAK",481,0.912,0.250783699,0.357366771,0.391849529,0.08,0.192,0.087719298,0,0.4313,0.3625,0.2063,0.1625,0.4375,0.4,17128
2019,"Yoan Moncada","CHW",559,1.225806451,0.231197771,0.423398328,0.345403899,0.056451612,0.201612903,0.046052631,0.5,0.3961,0.3435,0.2604,0.1219,0.4848,0.3934,17232
2019,"Michael Chavis","BOS",382,1.269230769,0.195454545,0.45,0.354545454,0.076923076,0.23076923,0.09090909,0,0.3727,0.3909,0.2364,0.2091,0.4545,0.3364,17321
2019,"Rafael Devers","BOS",702,1.292817679,0.212523719,0.44402277,0.34345351,0.099447513,0.17679558,0.068376068,0.333333333,0.4208,0.3019,0.2774,0.1774,0.4453,0.3774,17350
2019,"Eloy Jimenez","CHW",504,1.412280701,0.181547619,0.479166666,0.339285714,0.078947368,0.271929824,0.062111801,0,0.4315,0.3363,0.2321,0.1815,0.4375,0.381,17484
2019,"Alex Bregman","HOU",690,0.686363636,0.225469728,0.315240083,0.459290187,0.118181818,0.186363636,0.019867549,0,0.453,0.3633,0.1837,0.1482,0.405,0.4468,17678
2019,"Kevin Newman","PIT",531,1.737704918,0.221445221,0.494172494,0.284382284,0.073770491,0.098360655,0.099056603,0.4,0.3733,0.341,0.2857,0.2028,0.53,0.2673,17696
2019,"Matt Beaty","LAD",268,1.464788732,0.189814814,0.481481481,0.328703703,0.098591549,0.126760563,0.057692307,0,0.4537,0.3472,0.1991,0.1713,0.4259,0.4028,17710
2019,"Christin Stewart","DET",416,0.8125,0.25367647,0.334558823,0.411764705,0.089285714,0.089285714,0.01098901,0,0.4449,0.3419,0.2132,0.1618,0.4816,0.3566,17714
2019,"Steven Duggar","SFG",281,1.75,0.214285714,0.5,0.285714285,0.038461538,0.076923076,0.098901098,0.75,0.3172,0.371,0.3118,0.1828,0.4892,0.328,17719
2019,"Richie Martin","BAL",309,1.610169491,0.197916666,0.494791666,0.307291666,0.169491525,0.101694915,0.105263157,0.384615384,0.3171,0.3756,0.3073,0.2341,0.5171,0.2488,17736
2019,"Willie Calhoun","TEX",337,0.824561403,0.193798449,0.364341085,0.441860465,0.175438596,0.184210526,0.031914893,0,0.5194,0.3217,0.1589,0.186,0.407,0.407,17838
2019,"Andrew Benintendi","BOS",615,0.939393939,0.209876543,0.382716049,0.407407407,0.103030303,0.078787878,0.04516129,0.25,0.3521,0.379,0.2689,0.1345,0.4841,0.3814,17901
2019,"Isan Diaz","MIA",201,0.907407407,0.134453781,0.411764705,0.453781512,0.129629629,0.092592592,0.020408163,0.5,0.4132,0.3058,0.281,0.157,0.4545,0.3884,17922
2019,"Scott Kingery","PHI",500,0.848,0.26198083,0.338658146,0.399361022,0.128,0.152,0.103773584,0,0.4713,0.3248,0.2038,0.1401,0.4013,0.4586,17975
2019,"Ty France","SDP",201,1.16,0.205882352,0.426470588,0.367647058,0.14,0.14,0.103448275,0,0.4485,0.3456,0.2059,0.1912,0.3897,0.4191,17982
2019,"David Fletcher","LAA",653,1.484076433,0.264150943,0.439622641,0.296226415,0.076433121,0.03821656,0.090128755,0.5,0.4476,0.3221,0.2303,0.176,0.5037,0.3202,17992
2019,"Paul DeJong","STL",664,0.851282051,0.179545454,0.377272727,0.443181818,0.123076923,0.153846153,0.06626506,0,0.475,0.3318,0.1932,0.1909,0.3932,0.4159,18015
2019,"Harrison Bader","STL",406,0.868686868,0.174107142,0.383928571,0.441964285,0.09090909,0.121212121,0.116279069,0.222222222,0.4206,0.3734,0.206,0.1631,0.4549,0.382,18030
2019,"Dylan Moore","SEA",282,0.777777777,0.157894736,0.368421052,0.47368421,0.180555555,0.125,0.035714285,0,0.3806,0.3419,0.2774,0.2258,0.4387,0.3355,18042
2019,"Brian Anderson","MIA",520,1.284552845,0.192528735,0.454022988,0.353448275,0.105691056,0.162601626,0.088607594,0,0.3822,0.3276,0.2902,0.1954,0.3621,0.4425,18289
2019,"Dansby Swanson","ATL",545,1,0.258241758,0.37087912,0.37087912,0.074074074,0.125925925,0.096296296,0,0.4164,0.3205,0.263,0.1233,0.4521,0.4247,18314
2019,"Austin Riley","ATL",296,0.536585365,0.25,0.261904761,0.488095238,0.121951219,0.219512195,0.068181818,0,0.3593,0.4072,0.2335,0.2335,0.3413,0.4251,18360
2019,"Victor Robles","WSN",617,1.104166666,0.227040816,0.405612244,0.367346938,0.152777777,0.118055555,0.113207547,0.36,0.4508,0.3165,0.2326,0.2422,0.5084,0.2494,18363
2019,"Ronald Acuna Jr.","ATL",715,1.012121212,0.243735763,0.380410022,0.375854214,0.048484848,0.248484848,0.107784431,0,0.4009,0.328,0.2711,0.1412,0.3986,0.4601,18401
2019,"Luis Arraez","MIN",366,1.425287356,0.294314381,0.414715719,0.290969899,0.045977011,0.045977011,0.016129032,1,0.29,0.3433,0.3667,0.1233,0.53,0.3467,18568
2019,"Guillermo Heredia","TBR",231,1.137254901,0.243055555,0.402777777,0.354166666,0.137254901,0.098039215,0.103448275,0,0.4354,0.3197,0.2449,0.2245,0.483,0.2925,18721
2019,"Josh Naylor","SDP",279,1.771929824,0.168421052,0.531578947,0.3,0.122807017,0.140350877,0.03960396,0,0.3895,0.3737,0.2368,0.1842,0.4,0.4158,18839
2019,"Brandon Lowe","TBR",327,0.705128205,0.269230769,0.302197802,0.428571428,0.064102564,0.217948717,0.09090909,1,0.4457,0.3478,0.2065,0.1141,0.4565,0.4293,18882
2019,"Will Smith","LAD",196,0.538461538,0.173553719,0.289256198,0.537190082,0.138461538,0.23076923,0.171428571,0,0.4463,0.3719,0.1818,0.1488,0.405,0.4463,19197
2019,"Yuli Gurriel","HOU",612,0.969849246,0.223762376,0.382178217,0.394059405,0.135678391,0.155778894,0.077720207,0,0.4535,0.3287,0.2178,0.1782,0.4356,0.3861,19198
2019,"Lourdes Gurriel Jr.","TOR",343,0.919191919,0.177489177,0.393939393,0.428571428,0.101010101,0.202020202,0.12087912,0,0.3966,0.3534,0.25,0.1897,0.375,0.4353,19238
2019,"Pete Alonso","NYM",693,0.976878612,0.179856115,0.405275779,0.414868105,0.132947976,0.306358381,0.071005917,0,0.458,0.3669,0.1751,0.1583,0.4221,0.4197,19251
2019,"Cavan Biggio","TOR",430,0.541284403,0.275862068,0.254310344,0.469827586,0.036697247,0.14678899,0.050847457,1,0.4936,0.3262,0.1803,0.1245,0.4807,0.3948,19252
2019,"Garrett Hampson","COL",327,1.157894736,0.192118226,0.433497536,0.374384236,0.144736842,0.105263157,0.102272727,0.416666666,0.3395,0.3488,0.3116,0.2233,0.4744,0.3023,19262
2019,"Nick Senzel","CIN",414,1.455555555,0.193430656,0.478102189,0.328467153,0.088888888,0.133333333,0.083969465,0,0.3382,0.3491,0.3127,0.1782,0.4182,0.4036,19293
2019,"Bryan Reynolds","PIT",546,1.558558558,0.238605898,0.46380697,0.297587131,0.063063063,0.144144144,0.086705202,0,0.3861,0.3512,0.2627,0.1635,0.4102,0.4263,19326
2019,"Nicky Lopez","KCR",402,2.802816901,0.15625,0.621875,0.221875,0.056338028,0.028169014,0.04522613,0.272727272,0.3021,0.3656,0.3323,0.1934,0.5529,0.2538,19339
2019,"Tommy Edman","STL",349,1.175824175,0.247148288,0.406844106,0.346007604,0.087912087,0.12087912,0.06542056,0.5,0.4189,0.3358,0.2453,0.1547,0.434,0.4113,19470
2019,"Yordan Alvarez","HOU",369,1.024390243,0.248868778,0.380090497,0.371040723,0.012195121,0.329268292,0.035714285,0,0.3846,0.3756,0.2398,0.0995,0.3891,0.5113,19556
2019,"Vladimir Guerrero Jr.","TOR",514,1.5,0.173333333,0.496,0.330666666,0.14516129,0.120967741,0.059139784,0,0.4133,0.368,0.2187,0.208,0.4427,0.3493,19611
2019,"Bo Bichette","TOR",212,1.306122448,0.226027397,0.438356164,0.335616438,0.102040816,0.224489795,0.109375,1,0.3946,0.2993,0.3061,0.1565,0.517,0.3265,19612
2019,"Fernando Tatis Jr.","SDP",372,1.507246376,0.224215246,0.466367713,0.30941704,0.057971014,0.318840579,0.144230769,0.5,0.4185,0.3656,0.2159,0.2159,0.3656,0.4185,19709
2019,"Shohei Ohtani","LAA",425,2.029411764,0.258992805,0.496402877,0.244604316,0.029411764,0.264705882,0.108695652,0,0.3094,0.3777,0.3129,0.0863,0.4173,0.4964,19755
2019,"Luis Rengifo","LAA",406,1.567901234,0.218045112,0.477443609,0.304511278,0.135802469,0.086419753,0.031496062,0,0.4067,0.3246,0.2687,0.1642,0.5112,0.3246,19858
2019,"Adam Haseley","PHI",242,2.818181818,0.222222222,0.574074074,0.203703703,0.121212121,0.151515151,0.064516129,0,0.3681,0.3865,0.2454,0.1472,0.4908,0.362,19878
2019,"Keston Hiura","MIL",348,1,0.240384615,0.379807692,0.379807692,0.088607594,0.240506329,0.037974683,0,0.3029,0.4038,0.2933,0.1683,0.3894,0.4423,20003
2019,"Juan Soto","WSN",659,1.117647058,0.211678832,0.416058394,0.372262773,0.045751633,0.222222222,0.046783625,0.2,0.3942,0.3413,0.2644,0.125,0.4615,0.4135,20123